ProjectName,TestCase,ApproachName,Policy,Time (ms),#Extra Iterations
batik-testcases.jar,Ltestcases/TC_PadMode_Simple,SENECA,0-1-CFA,3725,3
batik-testcases.jar,Ltestcases/TC_ARGBChannel_Array,SENECA,0-1-CFA,1542,3
batik-testcases.jar,Ltestcases/TC_TextNode_Anchor_Map,SENECA,0-1-CFA,1463,3
batik-testcases.jar,Ltestcases/TC_CompositeRule_List,SENECA,0-1-CFA,1160,3
batik-testcases.jar,Ltestcases/TC_PadMode_Set,SENECA,0-1-CFA,858,3
batik-testcases.jar,Ltestcases/TC_AbstractDocument_Map,SENECA,0-1-CFA,1336,3
batik-testcases.jar,Ltestcases/TC_CompositeRule_Map,SENECA,0-1-CFA,1723,3
batik-testcases.jar,Ltestcases/TC_PadMode_Array,SENECA,0-1-CFA,700,3
batik-testcases.jar,Ltestcases/TC_CompositeRule_Array,SENECA,0-1-CFA,1088,3
batik-testcases.jar,Ltestcases/TC_TextNode_Anchor_Set,SENECA,0-1-CFA,1203,3
batik-testcases.jar,Ltestcases/TC_PadMode_List,SENECA,0-1-CFA,1040,3
batik-testcases.jar,Ltestcases/TC_AbstractDocument_List,SENECA,0-1-CFA,920,3
batik-testcases.jar,Ltestcases/TC_CompositeRule_Set,SENECA,0-1-CFA,1220,3
batik-testcases.jar,Ltestcases/TC_ARGBChannel_Map,SENECA,0-1-CFA,1129,3
batik-testcases.jar,Ltestcases/TC_PadMode_Map,SENECA,0-1-CFA,950,3
batik-testcases.jar,Ltestcases/TC_CompositeRule_Simple,SENECA,0-1-CFA,990,3
batik-testcases.jar,Ltestcases/TC_TextNode_Anchor_List,SENECA,0-1-CFA,1045,3
batik-testcases.jar,Ltestcases/TC_ARGBChannel_List,SENECA,0-1-CFA,1110,3
batik-testcases.jar,Ltestcases/TC_ARGBChannel_Set,SENECA,0-1-CFA,1027,3
batik-testcases.jar,Ltestcases/TC_AbstractDocument_Array,SENECA,0-1-CFA,967,3
batik-testcases.jar,Ltestcases/TC_AbstractDocument_Set,SENECA,0-1-CFA,840,3
batik-testcases.jar,Ltestcases/TC_ARGBChannel_Simple,SENECA,0-1-CFA,829,3
batik-testcases.jar,Ltestcases/TC_TextNode_Anchor_Array,SENECA,0-1-CFA,1033,3
batik-testcases.jar,Ltestcases/TC_TextNode_Anchor_Simple,SENECA,0-1-CFA,976,3
batik-testcases.jar,Ltestcases/TC_AbstractDocument_Simple,SENECA,0-1-CFA,820,3
batik-testcases.jar,Ltestcases/TC_PadMode_Simple,SENECA,1-CFA,1482,3
batik-testcases.jar,Ltestcases/TC_ARGBChannel_Array,SENECA,1-CFA,1092,3
batik-testcases.jar,Ltestcases/TC_TextNode_Anchor_Map,SENECA,1-CFA,946,3
batik-testcases.jar,Ltestcases/TC_CompositeRule_List,SENECA,1-CFA,914,3
batik-testcases.jar,Ltestcases/TC_PadMode_Set,SENECA,1-CFA,563,3
batik-testcases.jar,Ltestcases/TC_AbstractDocument_Map,SENECA,1-CFA,814,3
batik-testcases.jar,Ltestcases/TC_CompositeRule_Map,SENECA,1-CFA,989,3
batik-testcases.jar,Ltestcases/TC_PadMode_Array,SENECA,1-CFA,622,3
batik-testcases.jar,Ltestcases/TC_CompositeRule_Array,SENECA,1-CFA,612,3
batik-testcases.jar,Ltestcases/TC_TextNode_Anchor_Set,SENECA,1-CFA,687,3
batik-testcases.jar,Ltestcases/TC_PadMode_List,SENECA,1-CFA,995,3
batik-testcases.jar,Ltestcases/TC_AbstractDocument_List,SENECA,1-CFA,981,3
batik-testcases.jar,Ltestcases/TC_CompositeRule_Set,SENECA,1-CFA,600,3
batik-testcases.jar,Ltestcases/TC_ARGBChannel_Map,SENECA,1-CFA,546,3
batik-testcases.jar,Ltestcases/TC_PadMode_Map,SENECA,1-CFA,603,3
batik-testcases.jar,Ltestcases/TC_CompositeRule_Simple,SENECA,1-CFA,966,3
batik-testcases.jar,Ltestcases/TC_TextNode_Anchor_List,SENECA,1-CFA,678,3
batik-testcases.jar,Ltestcases/TC_ARGBChannel_List,SENECA,1-CFA,543,3
batik-testcases.jar,Ltestcases/TC_ARGBChannel_Set,SENECA,1-CFA,534,3
batik-testcases.jar,Ltestcases/TC_AbstractDocument_Array,SENECA,1-CFA,880,3
batik-testcases.jar,Ltestcases/TC_AbstractDocument_Set,SENECA,1-CFA,972,3
batik-testcases.jar,Ltestcases/TC_ARGBChannel_Simple,SENECA,1-CFA,514,3
batik-testcases.jar,Ltestcases/TC_TextNode_Anchor_Array,SENECA,1-CFA,616,3
batik-testcases.jar,Ltestcases/TC_TextNode_Anchor_Simple,SENECA,1-CFA,875,3
batik-testcases.jar,Ltestcases/TC_AbstractDocument_Simple,SENECA,1-CFA,757,3
batik-testcases.jar,Ltestcases/TC_PadMode_Simple,SALSA,0-1-CFA,211,2
batik-testcases.jar,Ltestcases/TC_ARGBChannel_Array,SALSA,0-1-CFA,99,2
batik-testcases.jar,Ltestcases/TC_TextNode_Anchor_Map,SALSA,0-1-CFA,215,3
batik-testcases.jar,Ltestcases/TC_CompositeRule_List,SALSA,0-1-CFA,228,3
batik-testcases.jar,Ltestcases/TC_PadMode_Set,SALSA,0-1-CFA,146,3
batik-testcases.jar,Ltestcases/TC_AbstractDocument_Map,SALSA,0-1-CFA,912,3
batik-testcases.jar,Ltestcases/TC_CompositeRule_Map,SALSA,0-1-CFA,167,3
batik-testcases.jar,Ltestcases/TC_PadMode_Array,SALSA,0-1-CFA,64,2
batik-testcases.jar,Ltestcases/TC_CompositeRule_Array,SALSA,0-1-CFA,68,2
batik-testcases.jar,Ltestcases/TC_TextNode_Anchor_Set,SALSA,0-1-CFA,113,3
batik-testcases.jar,Ltestcases/TC_PadMode_List,SALSA,0-1-CFA,110,3
batik-testcases.jar,Ltestcases/TC_AbstractDocument_List,SALSA,0-1-CFA,399,3
batik-testcases.jar,Ltestcases/TC_CompositeRule_Set,SALSA,0-1-CFA,117,3
batik-testcases.jar,Ltestcases/TC_ARGBChannel_Map,SALSA,0-1-CFA,159,3
batik-testcases.jar,Ltestcases/TC_PadMode_Map,SALSA,0-1-CFA,186,3
batik-testcases.jar,Ltestcases/TC_CompositeRule_Simple,SALSA,0-1-CFA,62,2
batik-testcases.jar,Ltestcases/TC_TextNode_Anchor_List,SALSA,0-1-CFA,201,3
batik-testcases.jar,Ltestcases/TC_ARGBChannel_List,SALSA,0-1-CFA,150,3
batik-testcases.jar,Ltestcases/TC_ARGBChannel_Set,SALSA,0-1-CFA,112,3
batik-testcases.jar,Ltestcases/TC_AbstractDocument_Array,SALSA,0-1-CFA,630,2
batik-testcases.jar,Ltestcases/TC_AbstractDocument_Set,SALSA,0-1-CFA,678,3
batik-testcases.jar,Ltestcases/TC_ARGBChannel_Simple,SALSA,0-1-CFA,137,2
batik-testcases.jar,Ltestcases/TC_TextNode_Anchor_Array,SALSA,0-1-CFA,58,2
batik-testcases.jar,Ltestcases/TC_TextNode_Anchor_Simple,SALSA,0-1-CFA,60,2
batik-testcases.jar,Ltestcases/TC_AbstractDocument_Simple,SALSA,0-1-CFA,398,3
batik-testcases.jar,Ltestcases/TC_PadMode_Simple,SALSA,1-CFA,248,3
batik-testcases.jar,Ltestcases/TC_ARGBChannel_Array,SALSA,1-CFA,245,3
batik-testcases.jar,Ltestcases/TC_TextNode_Anchor_Map,SALSA,1-CFA,326,3
batik-testcases.jar,Ltestcases/TC_CompositeRule_List,SALSA,1-CFA,297,3
batik-testcases.jar,Ltestcases/TC_PadMode_Set,SALSA,1-CFA,126,2
batik-testcases.jar,Ltestcases/TC_AbstractDocument_Map,SALSA,1-CFA,616,3
batik-testcases.jar,Ltestcases/TC_CompositeRule_Map,SALSA,1-CFA,164,3
batik-testcases.jar,Ltestcases/TC_PadMode_Array,SALSA,1-CFA,182,3
batik-testcases.jar,Ltestcases/TC_CompositeRule_Array,SALSA,1-CFA,157,3
batik-testcases.jar,Ltestcases/TC_TextNode_Anchor_Set,SALSA,1-CFA,153,2
batik-testcases.jar,Ltestcases/TC_PadMode_List,SALSA,1-CFA,256,3
batik-testcases.jar,Ltestcases/TC_AbstractDocument_List,SALSA,1-CFA,882,3
batik-testcases.jar,Ltestcases/TC_CompositeRule_Set,SALSA,1-CFA,153,2
batik-testcases.jar,Ltestcases/TC_ARGBChannel_Map,SALSA,1-CFA,181,3
batik-testcases.jar,Ltestcases/TC_PadMode_Map,SALSA,1-CFA,135,3
batik-testcases.jar,Ltestcases/TC_CompositeRule_Simple,SALSA,1-CFA,77,3
batik-testcases.jar,Ltestcases/TC_TextNode_Anchor_List,SALSA,1-CFA,133,3
batik-testcases.jar,Ltestcases/TC_ARGBChannel_List,SALSA,1-CFA,265,3
batik-testcases.jar,Ltestcases/TC_ARGBChannel_Set,SALSA,1-CFA,186,2
batik-testcases.jar,Ltestcases/TC_AbstractDocument_Array,SALSA,1-CFA,671,3
batik-testcases.jar,Ltestcases/TC_AbstractDocument_Set,SALSA,1-CFA,880,3
batik-testcases.jar,Ltestcases/TC_ARGBChannel_Simple,SALSA,1-CFA,136,3
batik-testcases.jar,Ltestcases/TC_TextNode_Anchor_Array,SALSA,1-CFA,83,3
batik-testcases.jar,Ltestcases/TC_TextNode_Anchor_Simple,SALSA,1-CFA,175,3
batik-testcases.jar,Ltestcases/TC_AbstractDocument_Simple,SALSA,1-CFA,676,2
batik-testcases.jar,Ltestcases/TC_PadMode_Simple,WALA,0-1-CFA,363,0
batik-testcases.jar,Ltestcases/TC_ARGBChannel_Array,WALA,0-1-CFA,166,0
batik-testcases.jar,Ltestcases/TC_TextNode_Anchor_Map,WALA,0-1-CFA,233,0
batik-testcases.jar,Ltestcases/TC_CompositeRule_List,WALA,0-1-CFA,150,0
batik-testcases.jar,Ltestcases/TC_PadMode_Set,WALA,0-1-CFA,225,0
batik-testcases.jar,Ltestcases/TC_AbstractDocument_Map,WALA,0-1-CFA,501,0
batik-testcases.jar,Ltestcases/TC_CompositeRule_Map,WALA,0-1-CFA,304,0
batik-testcases.jar,Ltestcases/TC_PadMode_Array,WALA,0-1-CFA,131,0
batik-testcases.jar,Ltestcases/TC_CompositeRule_Array,WALA,0-1-CFA,213,0
batik-testcases.jar,Ltestcases/TC_TextNode_Anchor_Set,WALA,0-1-CFA,116,0
batik-testcases.jar,Ltestcases/TC_PadMode_List,WALA,0-1-CFA,236,0
batik-testcases.jar,Ltestcases/TC_AbstractDocument_List,WALA,0-1-CFA,406,0
batik-testcases.jar,Ltestcases/TC_CompositeRule_Set,WALA,0-1-CFA,243,0
batik-testcases.jar,Ltestcases/TC_ARGBChannel_Map,WALA,0-1-CFA,232,0
batik-testcases.jar,Ltestcases/TC_PadMode_Map,WALA,0-1-CFA,119,0
batik-testcases.jar,Ltestcases/TC_CompositeRule_Simple,WALA,0-1-CFA,225,0
batik-testcases.jar,Ltestcases/TC_TextNode_Anchor_List,WALA,0-1-CFA,129,0
batik-testcases.jar,Ltestcases/TC_ARGBChannel_List,WALA,0-1-CFA,93,0
batik-testcases.jar,Ltestcases/TC_ARGBChannel_Set,WALA,0-1-CFA,87,0
batik-testcases.jar,Ltestcases/TC_AbstractDocument_Array,WALA,0-1-CFA,478,0
batik-testcases.jar,Ltestcases/TC_AbstractDocument_Set,WALA,0-1-CFA,629,0
batik-testcases.jar,Ltestcases/TC_ARGBChannel_Simple,WALA,0-1-CFA,220,0
batik-testcases.jar,Ltestcases/TC_TextNode_Anchor_Array,WALA,0-1-CFA,251,0
batik-testcases.jar,Ltestcases/TC_TextNode_Anchor_Simple,WALA,0-1-CFA,88,0
batik-testcases.jar,Ltestcases/TC_AbstractDocument_Simple,WALA,0-1-CFA,622,0
batik-testcases.jar,Ltestcases/TC_PadMode_Simple,WALA,1-CFA,418,0
batik-testcases.jar,Ltestcases/TC_ARGBChannel_Array,WALA,1-CFA,410,0
batik-testcases.jar,Ltestcases/TC_TextNode_Anchor_Map,WALA,1-CFA,432,0
batik-testcases.jar,Ltestcases/TC_CompositeRule_List,WALA,1-CFA,273,0
batik-testcases.jar,Ltestcases/TC_PadMode_Set,WALA,1-CFA,388,0
batik-testcases.jar,Ltestcases/TC_AbstractDocument_Map,WALA,1-CFA,1118,0
batik-testcases.jar,Ltestcases/TC_CompositeRule_Map,WALA,1-CFA,398,0
batik-testcases.jar,Ltestcases/TC_PadMode_Array,WALA,1-CFA,295,0
batik-testcases.jar,Ltestcases/TC_CompositeRule_Array,WALA,1-CFA,217,0
batik-testcases.jar,Ltestcases/TC_TextNode_Anchor_Set,WALA,1-CFA,379,0
batik-testcases.jar,Ltestcases/TC_PadMode_List,WALA,1-CFA,387,0
batik-testcases.jar,Ltestcases/TC_AbstractDocument_List,WALA,1-CFA,1133,0
batik-testcases.jar,Ltestcases/TC_CompositeRule_Set,WALA,1-CFA,379,0
batik-testcases.jar,Ltestcases/TC_ARGBChannel_Map,WALA,1-CFA,395,0
batik-testcases.jar,Ltestcases/TC_PadMode_Map,WALA,1-CFA,378,0
batik-testcases.jar,Ltestcases/TC_CompositeRule_Simple,WALA,1-CFA,396,0
batik-testcases.jar,Ltestcases/TC_TextNode_Anchor_List,WALA,1-CFA,398,0
batik-testcases.jar,Ltestcases/TC_ARGBChannel_List,WALA,1-CFA,388,0
batik-testcases.jar,Ltestcases/TC_ARGBChannel_Set,WALA,1-CFA,334,0
batik-testcases.jar,Ltestcases/TC_AbstractDocument_Array,WALA,1-CFA,936,0
batik-testcases.jar,Ltestcases/TC_AbstractDocument_Set,WALA,1-CFA,1127,0
batik-testcases.jar,Ltestcases/TC_ARGBChannel_Simple,WALA,1-CFA,442,0
batik-testcases.jar,Ltestcases/TC_TextNode_Anchor_Array,WALA,1-CFA,389,0
batik-testcases.jar,Ltestcases/TC_TextNode_Anchor_Simple,WALA,1-CFA,384,0
batik-testcases.jar,Ltestcases/TC_AbstractDocument_Simple,WALA,1-CFA,1119,0
castor-testcases.jar,Ltestcases/TC_AccessMode_Set,SENECA,0-1-CFA,676,3
castor-testcases.jar,Ltestcases/TC_TableAccessModeType_Simple,SENECA,0-1-CFA,388,3
castor-testcases.jar,Ltestcases/TC_SqlDirtyType_Simple,SENECA,0-1-CFA,286,3
castor-testcases.jar,Ltestcases/TC_SqlDirtyType_Array,SENECA,0-1-CFA,426,3
castor-testcases.jar,Ltestcases/TC_AccessMode_Map,SENECA,0-1-CFA,535,3
castor-testcases.jar,Ltestcases/TC_FieldTypeVisibilityType_Simple,SENECA,0-1-CFA,414,3
castor-testcases.jar,Ltestcases/TC_EventListenerList_Set,SENECA,0-1-CFA,528,3
castor-testcases.jar,Ltestcases/TC_SqlDirtyType_List,SENECA,0-1-CFA,560,3
castor-testcases.jar,Ltestcases/TC_EventListenerList_Array,SENECA,0-1-CFA,492,3
castor-testcases.jar,Ltestcases/TC_FieldTypeVisibilityType_Map,SENECA,0-1-CFA,522,3
castor-testcases.jar,Ltestcases/TC_BindingType2_Simple,SENECA,0-1-CFA,415,3
castor-testcases.jar,Ltestcases/TC_VisibilityType_Set,SENECA,0-1-CFA,557,3
castor-testcases.jar,Ltestcases/TC_FieldMappingCollectionType_List,SENECA,0-1-CFA,517,3
castor-testcases.jar,Ltestcases/TC_TableAccessModeType_List,SENECA,0-1-CFA,524,3
castor-testcases.jar,Ltestcases/TC_ClassMappingAccessType_Map,SENECA,0-1-CFA,554,3
castor-testcases.jar,Ltestcases/TC_BindXmlNodeType_Map,SENECA,0-1-CFA,587,3
castor-testcases.jar,Ltestcases/TC_BindingType_Map,SENECA,0-1-CFA,537,3
castor-testcases.jar,Ltestcases/TC_AccessMode_List,SENECA,0-1-CFA,359,3
castor-testcases.jar,Ltestcases/TC_VisibilityType_List,SENECA,0-1-CFA,332,3
castor-testcases.jar,Ltestcases/TC_BindXmlAutoNamingType_Set,SENECA,0-1-CFA,517,3
castor-testcases.jar,Ltestcases/TC_SqlDirtyType_Set,SENECA,0-1-CFA,639,3
castor-testcases.jar,Ltestcases/TC_FieldMappingCollectionType_Map,SENECA,0-1-CFA,410,3
castor-testcases.jar,Ltestcases/TC_TableAccessModeType_Set,SENECA,0-1-CFA,322,3
castor-testcases.jar,Ltestcases/TC_BindXmlNodeType_Set,SENECA,0-1-CFA,316,3
castor-testcases.jar,Ltestcases/TC_FieldMappingCollectionType_Array,SENECA,0-1-CFA,235,3
castor-testcases.jar,Ltestcases/TC_BindingType2_Set,SENECA,0-1-CFA,317,3
castor-testcases.jar,Ltestcases/TC_ClassMappingAccessType_Simple,SENECA,0-1-CFA,244,3
castor-testcases.jar,Ltestcases/TC_TableAccessModeType_Array,SENECA,0-1-CFA,243,3
castor-testcases.jar,Ltestcases/TC_BindXmlAutoNamingType_Map,SENECA,0-1-CFA,429,3
castor-testcases.jar,Ltestcases/TC_EventListenerList_Simple,SENECA,0-1-CFA,514,3
castor-testcases.jar,Ltestcases/TC_BindXmlAutoNamingType_Simple,SENECA,0-1-CFA,465,3
castor-testcases.jar,Ltestcases/TC_ClassMappingAccessType_Set,SENECA,0-1-CFA,422,3
castor-testcases.jar,Ltestcases/TC_SqlDirtyType_Map,SENECA,0-1-CFA,311,3
castor-testcases.jar,Ltestcases/TC_FieldTypeCollectionType_Map,SENECA,0-1-CFA,331,3
castor-testcases.jar,Ltestcases/TC_TableAccessModeType_Map,SENECA,0-1-CFA,337,3
castor-testcases.jar,Ltestcases/TC_BindXmlAutoNamingType_Array,SENECA,0-1-CFA,303,3
castor-testcases.jar,Ltestcases/TC_BindingType_List,SENECA,0-1-CFA,532,3
castor-testcases.jar,Ltestcases/TC_BindXmlNodeType_List,SENECA,0-1-CFA,606,3
castor-testcases.jar,Ltestcases/TC_AccessMode_Simple,SENECA,0-1-CFA,335,3
castor-testcases.jar,Ltestcases/TC_EventListenerList_List,SENECA,0-1-CFA,347,3
castor-testcases.jar,Ltestcases/TC_FieldMappingCollectionType_Set,SENECA,0-1-CFA,326,3
castor-testcases.jar,Ltestcases/TC_AccessMode_Array,SENECA,0-1-CFA,298,3
castor-testcases.jar,Ltestcases/TC_EventListenerList_Map,SENECA,0-1-CFA,545,3
castor-testcases.jar,Ltestcases/TC_VisibilityType_Map,SENECA,0-1-CFA,523,3
castor-testcases.jar,Ltestcases/TC_FieldTypeCollectionType_List,SENECA,0-1-CFA,500,3
castor-testcases.jar,Ltestcases/TC_FieldMappingCollectionType_Simple,SENECA,0-1-CFA,252,3
castor-testcases.jar,Ltestcases/TC_FieldTypeCollectionType_Simple,SENECA,0-1-CFA,259,3
castor-testcases.jar,Ltestcases/TC_VisibilityType_Array,SENECA,0-1-CFA,250,3
castor-testcases.jar,Ltestcases/TC_ClassMappingAccessType_List,SENECA,0-1-CFA,360,3
castor-testcases.jar,Ltestcases/TC_ClassMappingAccessType_Array,SENECA,0-1-CFA,394,3
castor-testcases.jar,Ltestcases/TC_BindingType_Array,SENECA,0-1-CFA,391,3
castor-testcases.jar,Ltestcases/TC_FieldTypeCollectionType_Set,SENECA,0-1-CFA,596,3
castor-testcases.jar,Ltestcases/TC_BindingType_Set,SENECA,0-1-CFA,321,3
castor-testcases.jar,Ltestcases/TC_BindXmlNodeType_Simple,SENECA,0-1-CFA,238,3
castor-testcases.jar,Ltestcases/TC_BindingType2_Map,SENECA,0-1-CFA,323,3
castor-testcases.jar,Ltestcases/TC_BindingType2_List,SENECA,0-1-CFA,503,3
castor-testcases.jar,Ltestcases/TC_FieldTypeCollectionType_Array,SENECA,0-1-CFA,410,3
castor-testcases.jar,Ltestcases/TC_BindXmlAutoNamingType_List,SENECA,0-1-CFA,557,3
castor-testcases.jar,Ltestcases/TC_VisibilityType_Simple,SENECA,0-1-CFA,286,3
castor-testcases.jar,Ltestcases/TC_FieldTypeVisibilityType_Set,SENECA,0-1-CFA,322,3
castor-testcases.jar,Ltestcases/TC_BindingType2_Array,SENECA,0-1-CFA,331,3
castor-testcases.jar,Ltestcases/TC_BindXmlNodeType_Array,SENECA,0-1-CFA,380,3
castor-testcases.jar,Ltestcases/TC_FieldTypeVisibilityType_Array,SENECA,0-1-CFA,397,3
castor-testcases.jar,Ltestcases/TC_BindingType_Simple,SENECA,0-1-CFA,398,3
castor-testcases.jar,Ltestcases/TC_AccessMode_Set,SENECA,1-CFA,713,3
castor-testcases.jar,Ltestcases/TC_TableAccessModeType_Simple,SENECA,1-CFA,410,3
castor-testcases.jar,Ltestcases/TC_SqlDirtyType_Simple,SENECA,1-CFA,277,3
castor-testcases.jar,Ltestcases/TC_SqlDirtyType_Array,SENECA,1-CFA,464,3
castor-testcases.jar,Ltestcases/TC_AccessMode_Map,SENECA,1-CFA,544,3
castor-testcases.jar,Ltestcases/TC_FieldTypeVisibilityType_Simple,SENECA,1-CFA,464,3
castor-testcases.jar,Ltestcases/TC_EventListenerList_Set,SENECA,1-CFA,488,3
castor-testcases.jar,Ltestcases/TC_SqlDirtyType_List,SENECA,1-CFA,561,3
castor-testcases.jar,Ltestcases/TC_EventListenerList_Array,SENECA,1-CFA,439,3
castor-testcases.jar,Ltestcases/TC_FieldTypeVisibilityType_Map,SENECA,1-CFA,615,3
castor-testcases.jar,Ltestcases/TC_BindingType2_Simple,SENECA,1-CFA,385,3
castor-testcases.jar,Ltestcases/TC_VisibilityType_Set,SENECA,1-CFA,572,3
castor-testcases.jar,Ltestcases/TC_FieldMappingCollectionType_List,SENECA,1-CFA,593,3
castor-testcases.jar,Ltestcases/TC_TableAccessModeType_List,SENECA,1-CFA,520,3
castor-testcases.jar,Ltestcases/TC_ClassMappingAccessType_Map,SENECA,1-CFA,603,3
castor-testcases.jar,Ltestcases/TC_BindXmlNodeType_Map,SENECA,1-CFA,629,3
castor-testcases.jar,Ltestcases/TC_BindingType_Map,SENECA,1-CFA,426,3
castor-testcases.jar,Ltestcases/TC_AccessMode_List,SENECA,1-CFA,305,3
castor-testcases.jar,Ltestcases/TC_VisibilityType_List,SENECA,1-CFA,300,3
castor-testcases.jar,Ltestcases/TC_BindXmlAutoNamingType_Set,SENECA,1-CFA,613,3
castor-testcases.jar,Ltestcases/TC_SqlDirtyType_Set,SENECA,1-CFA,396,3
castor-testcases.jar,Ltestcases/TC_FieldMappingCollectionType_Map,SENECA,1-CFA,294,3
castor-testcases.jar,Ltestcases/TC_TableAccessModeType_Set,SENECA,1-CFA,294,3
castor-testcases.jar,Ltestcases/TC_BindXmlNodeType_Set,SENECA,1-CFA,351,3
castor-testcases.jar,Ltestcases/TC_FieldMappingCollectionType_Array,SENECA,1-CFA,398,3
castor-testcases.jar,Ltestcases/TC_BindingType2_Set,SENECA,1-CFA,602,3
castor-testcases.jar,Ltestcases/TC_ClassMappingAccessType_Simple,SENECA,1-CFA,329,3
castor-testcases.jar,Ltestcases/TC_TableAccessModeType_Array,SENECA,1-CFA,245,3
castor-testcases.jar,Ltestcases/TC_BindXmlAutoNamingType_Map,SENECA,1-CFA,297,3
castor-testcases.jar,Ltestcases/TC_EventListenerList_Simple,SENECA,1-CFA,319,3
castor-testcases.jar,Ltestcases/TC_BindXmlAutoNamingType_Simple,SENECA,1-CFA,423,3
castor-testcases.jar,Ltestcases/TC_ClassMappingAccessType_Set,SENECA,1-CFA,578,3
castor-testcases.jar,Ltestcases/TC_SqlDirtyType_Map,SENECA,1-CFA,375,3
castor-testcases.jar,Ltestcases/TC_FieldTypeCollectionType_Map,SENECA,1-CFA,289,3
castor-testcases.jar,Ltestcases/TC_TableAccessModeType_Map,SENECA,1-CFA,329,3
castor-testcases.jar,Ltestcases/TC_BindXmlAutoNamingType_Array,SENECA,1-CFA,412,3
castor-testcases.jar,Ltestcases/TC_BindingType_List,SENECA,1-CFA,525,3
castor-testcases.jar,Ltestcases/TC_BindXmlNodeType_List,SENECA,1-CFA,473,3
castor-testcases.jar,Ltestcases/TC_AccessMode_Simple,SENECA,1-CFA,244,3
castor-testcases.jar,Ltestcases/TC_EventListenerList_List,SENECA,1-CFA,511,3
castor-testcases.jar,Ltestcases/TC_FieldMappingCollectionType_Set,SENECA,1-CFA,528,3
castor-testcases.jar,Ltestcases/TC_AccessMode_Array,SENECA,1-CFA,539,3
castor-testcases.jar,Ltestcases/TC_EventListenerList_Map,SENECA,1-CFA,395,3
castor-testcases.jar,Ltestcases/TC_VisibilityType_Map,SENECA,1-CFA,564,3
castor-testcases.jar,Ltestcases/TC_FieldTypeCollectionType_List,SENECA,1-CFA,601,3
castor-testcases.jar,Ltestcases/TC_FieldMappingCollectionType_Simple,SENECA,1-CFA,431,3
castor-testcases.jar,Ltestcases/TC_FieldTypeCollectionType_Simple,SENECA,1-CFA,342,3
castor-testcases.jar,Ltestcases/TC_VisibilityType_Array,SENECA,1-CFA,448,3
castor-testcases.jar,Ltestcases/TC_ClassMappingAccessType_List,SENECA,1-CFA,725,3
castor-testcases.jar,Ltestcases/TC_ClassMappingAccessType_Array,SENECA,1-CFA,466,3
castor-testcases.jar,Ltestcases/TC_BindingType_Array,SENECA,1-CFA,472,3
castor-testcases.jar,Ltestcases/TC_FieldTypeCollectionType_Set,SENECA,1-CFA,583,3
castor-testcases.jar,Ltestcases/TC_BindingType_Set,SENECA,1-CFA,536,3
castor-testcases.jar,Ltestcases/TC_BindXmlNodeType_Simple,SENECA,1-CFA,478,3
castor-testcases.jar,Ltestcases/TC_BindingType2_Map,SENECA,1-CFA,558,3
castor-testcases.jar,Ltestcases/TC_BindingType2_List,SENECA,1-CFA,571,3
castor-testcases.jar,Ltestcases/TC_FieldTypeCollectionType_Array,SENECA,1-CFA,443,3
castor-testcases.jar,Ltestcases/TC_BindXmlAutoNamingType_List,SENECA,1-CFA,520,3
castor-testcases.jar,Ltestcases/TC_VisibilityType_Simple,SENECA,1-CFA,497,3
castor-testcases.jar,Ltestcases/TC_FieldTypeVisibilityType_Set,SENECA,1-CFA,524,3
castor-testcases.jar,Ltestcases/TC_BindingType2_Array,SENECA,1-CFA,447,3
castor-testcases.jar,Ltestcases/TC_BindXmlNodeType_Array,SENECA,1-CFA,401,3
castor-testcases.jar,Ltestcases/TC_FieldTypeVisibilityType_Array,SENECA,1-CFA,458,3
castor-testcases.jar,Ltestcases/TC_BindingType_Simple,SENECA,1-CFA,447,3
castor-testcases.jar,Ltestcases/TC_AccessMode_Set,SALSA,0-1-CFA,314,3
castor-testcases.jar,Ltestcases/TC_TableAccessModeType_Simple,SALSA,0-1-CFA,137,2
castor-testcases.jar,Ltestcases/TC_SqlDirtyType_Simple,SALSA,0-1-CFA,72,2
castor-testcases.jar,Ltestcases/TC_SqlDirtyType_Array,SALSA,0-1-CFA,134,2
castor-testcases.jar,Ltestcases/TC_AccessMode_Map,SALSA,0-1-CFA,202,3
castor-testcases.jar,Ltestcases/TC_FieldTypeVisibilityType_Simple,SALSA,0-1-CFA,81,2
castor-testcases.jar,Ltestcases/TC_EventListenerList_Set,SALSA,0-1-CFA,242,3
castor-testcases.jar,Ltestcases/TC_SqlDirtyType_List,SALSA,0-1-CFA,176,3
castor-testcases.jar,Ltestcases/TC_EventListenerList_Array,SALSA,0-1-CFA,66,2
castor-testcases.jar,Ltestcases/TC_FieldTypeVisibilityType_Map,SALSA,0-1-CFA,244,3
castor-testcases.jar,Ltestcases/TC_BindingType2_Simple,SALSA,0-1-CFA,78,2
castor-testcases.jar,Ltestcases/TC_VisibilityType_Set,SALSA,0-1-CFA,144,3
castor-testcases.jar,Ltestcases/TC_FieldMappingCollectionType_List,SALSA,0-1-CFA,277,3
castor-testcases.jar,Ltestcases/TC_TableAccessModeType_List,SALSA,0-1-CFA,128,3
castor-testcases.jar,Ltestcases/TC_ClassMappingAccessType_Map,SALSA,0-1-CFA,239,3
castor-testcases.jar,Ltestcases/TC_BindXmlNodeType_Map,SALSA,0-1-CFA,173,3
castor-testcases.jar,Ltestcases/TC_BindingType_Map,SALSA,0-1-CFA,155,3
castor-testcases.jar,Ltestcases/TC_AccessMode_List,SALSA,0-1-CFA,301,3
castor-testcases.jar,Ltestcases/TC_VisibilityType_List,SALSA,0-1-CFA,137,3
castor-testcases.jar,Ltestcases/TC_BindXmlAutoNamingType_Set,SALSA,0-1-CFA,259,3
castor-testcases.jar,Ltestcases/TC_SqlDirtyType_Set,SALSA,0-1-CFA,170,3
castor-testcases.jar,Ltestcases/TC_FieldMappingCollectionType_Map,SALSA,0-1-CFA,142,3
castor-testcases.jar,Ltestcases/TC_TableAccessModeType_Set,SALSA,0-1-CFA,268,3
castor-testcases.jar,Ltestcases/TC_BindXmlNodeType_Set,SALSA,0-1-CFA,117,3
castor-testcases.jar,Ltestcases/TC_FieldMappingCollectionType_Array,SALSA,0-1-CFA,115,2
castor-testcases.jar,Ltestcases/TC_BindingType2_Set,SALSA,0-1-CFA,265,3
castor-testcases.jar,Ltestcases/TC_ClassMappingAccessType_Simple,SALSA,0-1-CFA,62,2
castor-testcases.jar,Ltestcases/TC_TableAccessModeType_Array,SALSA,0-1-CFA,125,2
castor-testcases.jar,Ltestcases/TC_BindXmlAutoNamingType_Map,SALSA,0-1-CFA,271,3
castor-testcases.jar,Ltestcases/TC_EventListenerList_Simple,SALSA,0-1-CFA,135,3
castor-testcases.jar,Ltestcases/TC_BindXmlAutoNamingType_Simple,SALSA,0-1-CFA,187,2
castor-testcases.jar,Ltestcases/TC_ClassMappingAccessType_Set,SALSA,0-1-CFA,222,3
castor-testcases.jar,Ltestcases/TC_SqlDirtyType_Map,SALSA,0-1-CFA,113,3
castor-testcases.jar,Ltestcases/TC_FieldTypeCollectionType_Map,SALSA,0-1-CFA,267,3
castor-testcases.jar,Ltestcases/TC_TableAccessModeType_Map,SALSA,0-1-CFA,131,3
castor-testcases.jar,Ltestcases/TC_BindXmlAutoNamingType_Array,SALSA,0-1-CFA,184,2
castor-testcases.jar,Ltestcases/TC_BindingType_List,SALSA,0-1-CFA,221,3
castor-testcases.jar,Ltestcases/TC_BindXmlNodeType_List,SALSA,0-1-CFA,133,3
castor-testcases.jar,Ltestcases/TC_AccessMode_Simple,SALSA,0-1-CFA,184,2
castor-testcases.jar,Ltestcases/TC_EventListenerList_List,SALSA,0-1-CFA,190,3
castor-testcases.jar,Ltestcases/TC_FieldMappingCollectionType_Set,SALSA,0-1-CFA,126,3
castor-testcases.jar,Ltestcases/TC_AccessMode_Array,SALSA,0-1-CFA,181,2
castor-testcases.jar,Ltestcases/TC_EventListenerList_Map,SALSA,0-1-CFA,189,3
castor-testcases.jar,Ltestcases/TC_VisibilityType_Map,SALSA,0-1-CFA,168,3
castor-testcases.jar,Ltestcases/TC_FieldTypeCollectionType_List,SALSA,0-1-CFA,255,3
castor-testcases.jar,Ltestcases/TC_FieldMappingCollectionType_Simple,SALSA,0-1-CFA,78,2
castor-testcases.jar,Ltestcases/TC_FieldTypeCollectionType_Simple,SALSA,0-1-CFA,136,2
castor-testcases.jar,Ltestcases/TC_VisibilityType_Array,SALSA,0-1-CFA,133,2
castor-testcases.jar,Ltestcases/TC_ClassMappingAccessType_List,SALSA,0-1-CFA,158,3
castor-testcases.jar,Ltestcases/TC_ClassMappingAccessType_Array,SALSA,0-1-CFA,142,2
castor-testcases.jar,Ltestcases/TC_BindingType_Array,SALSA,0-1-CFA,128,2
castor-testcases.jar,Ltestcases/TC_FieldTypeCollectionType_Set,SALSA,0-1-CFA,157,3
castor-testcases.jar,Ltestcases/TC_BindingType_Set,SALSA,0-1-CFA,197,3
castor-testcases.jar,Ltestcases/TC_BindXmlNodeType_Simple,SALSA,0-1-CFA,115,2
castor-testcases.jar,Ltestcases/TC_BindingType2_Map,SALSA,0-1-CFA,122,3
castor-testcases.jar,Ltestcases/TC_BindingType2_List,SALSA,0-1-CFA,275,3
castor-testcases.jar,Ltestcases/TC_FieldTypeCollectionType_Array,SALSA,0-1-CFA,82,2
castor-testcases.jar,Ltestcases/TC_BindXmlAutoNamingType_List,SALSA,0-1-CFA,124,3
castor-testcases.jar,Ltestcases/TC_VisibilityType_Simple,SALSA,0-1-CFA,183,2
castor-testcases.jar,Ltestcases/TC_FieldTypeVisibilityType_Set,SALSA,0-1-CFA,139,3
castor-testcases.jar,Ltestcases/TC_BindingType2_Array,SALSA,0-1-CFA,78,2
castor-testcases.jar,Ltestcases/TC_BindXmlNodeType_Array,SALSA,0-1-CFA,170,2
castor-testcases.jar,Ltestcases/TC_FieldTypeVisibilityType_Array,SALSA,0-1-CFA,68,2
castor-testcases.jar,Ltestcases/TC_BindingType_Simple,SALSA,0-1-CFA,79,2
castor-testcases.jar,Ltestcases/TC_AccessMode_Set,SALSA,1-CFA,251,2
castor-testcases.jar,Ltestcases/TC_TableAccessModeType_Simple,SALSA,1-CFA,210,3
castor-testcases.jar,Ltestcases/TC_SqlDirtyType_Simple,SALSA,1-CFA,195,3
castor-testcases.jar,Ltestcases/TC_SqlDirtyType_Array,SALSA,1-CFA,179,3
castor-testcases.jar,Ltestcases/TC_AccessMode_Map,SALSA,1-CFA,327,3
castor-testcases.jar,Ltestcases/TC_FieldTypeVisibilityType_Simple,SALSA,1-CFA,262,3
castor-testcases.jar,Ltestcases/TC_EventListenerList_Set,SALSA,1-CFA,188,2
castor-testcases.jar,Ltestcases/TC_SqlDirtyType_List,SALSA,1-CFA,357,3
castor-testcases.jar,Ltestcases/TC_EventListenerList_Array,SALSA,1-CFA,280,3
castor-testcases.jar,Ltestcases/TC_FieldTypeVisibilityType_Map,SALSA,1-CFA,377,3
castor-testcases.jar,Ltestcases/TC_BindingType2_Simple,SALSA,1-CFA,242,3
castor-testcases.jar,Ltestcases/TC_VisibilityType_Set,SALSA,1-CFA,175,2
castor-testcases.jar,Ltestcases/TC_FieldMappingCollectionType_List,SALSA,1-CFA,323,3
castor-testcases.jar,Ltestcases/TC_TableAccessModeType_List,SALSA,1-CFA,322,3
castor-testcases.jar,Ltestcases/TC_ClassMappingAccessType_Map,SALSA,1-CFA,337,3
castor-testcases.jar,Ltestcases/TC_BindXmlNodeType_Map,SALSA,1-CFA,373,3
castor-testcases.jar,Ltestcases/TC_BindingType_Map,SALSA,1-CFA,314,3
castor-testcases.jar,Ltestcases/TC_AccessMode_List,SALSA,1-CFA,343,3
castor-testcases.jar,Ltestcases/TC_VisibilityType_List,SALSA,1-CFA,342,3
castor-testcases.jar,Ltestcases/TC_BindXmlAutoNamingType_Set,SALSA,1-CFA,215,2
castor-testcases.jar,Ltestcases/TC_SqlDirtyType_Set,SALSA,1-CFA,216,2
castor-testcases.jar,Ltestcases/TC_FieldMappingCollectionType_Map,SALSA,1-CFA,345,3
castor-testcases.jar,Ltestcases/TC_TableAccessModeType_Set,SALSA,1-CFA,257,2
castor-testcases.jar,Ltestcases/TC_BindXmlNodeType_Set,SALSA,1-CFA,237,2
castor-testcases.jar,Ltestcases/TC_FieldMappingCollectionType_Array,SALSA,1-CFA,223,3
castor-testcases.jar,Ltestcases/TC_BindingType2_Set,SALSA,1-CFA,208,2
castor-testcases.jar,Ltestcases/TC_ClassMappingAccessType_Simple,SALSA,1-CFA,198,3
castor-testcases.jar,Ltestcases/TC_TableAccessModeType_Array,SALSA,1-CFA,215,3
castor-testcases.jar,Ltestcases/TC_BindXmlAutoNamingType_Map,SALSA,1-CFA,399,3
castor-testcases.jar,Ltestcases/TC_EventListenerList_Simple,SALSA,1-CFA,323,2
castor-testcases.jar,Ltestcases/TC_BindXmlAutoNamingType_Simple,SALSA,1-CFA,188,3
castor-testcases.jar,Ltestcases/TC_ClassMappingAccessType_Set,SALSA,1-CFA,184,2
castor-testcases.jar,Ltestcases/TC_SqlDirtyType_Map,SALSA,1-CFA,384,3
castor-testcases.jar,Ltestcases/TC_FieldTypeCollectionType_Map,SALSA,1-CFA,384,3
castor-testcases.jar,Ltestcases/TC_TableAccessModeType_Map,SALSA,1-CFA,409,3
castor-testcases.jar,Ltestcases/TC_BindXmlAutoNamingType_Array,SALSA,1-CFA,225,3
castor-testcases.jar,Ltestcases/TC_BindingType_List,SALSA,1-CFA,352,3
castor-testcases.jar,Ltestcases/TC_BindXmlNodeType_List,SALSA,1-CFA,361,3
castor-testcases.jar,Ltestcases/TC_AccessMode_Simple,SALSA,1-CFA,221,3
castor-testcases.jar,Ltestcases/TC_EventListenerList_List,SALSA,1-CFA,304,3
castor-testcases.jar,Ltestcases/TC_FieldMappingCollectionType_Set,SALSA,1-CFA,233,2
castor-testcases.jar,Ltestcases/TC_AccessMode_Array,SALSA,1-CFA,235,3
castor-testcases.jar,Ltestcases/TC_EventListenerList_Map,SALSA,1-CFA,347,3
castor-testcases.jar,Ltestcases/TC_VisibilityType_Map,SALSA,1-CFA,366,3
castor-testcases.jar,Ltestcases/TC_FieldTypeCollectionType_List,SALSA,1-CFA,359,3
castor-testcases.jar,Ltestcases/TC_FieldMappingCollectionType_Simple,SALSA,1-CFA,242,3
castor-testcases.jar,Ltestcases/TC_FieldTypeCollectionType_Simple,SALSA,1-CFA,169,3
castor-testcases.jar,Ltestcases/TC_VisibilityType_Array,SALSA,1-CFA,209,3
castor-testcases.jar,Ltestcases/TC_ClassMappingAccessType_List,SALSA,1-CFA,377,3
castor-testcases.jar,Ltestcases/TC_ClassMappingAccessType_Array,SALSA,1-CFA,246,3
castor-testcases.jar,Ltestcases/TC_BindingType_Array,SALSA,1-CFA,201,3
castor-testcases.jar,Ltestcases/TC_FieldTypeCollectionType_Set,SALSA,1-CFA,215,2
castor-testcases.jar,Ltestcases/TC_BindingType_Set,SALSA,1-CFA,213,2
castor-testcases.jar,Ltestcases/TC_BindXmlNodeType_Simple,SALSA,1-CFA,190,3
castor-testcases.jar,Ltestcases/TC_BindingType2_Map,SALSA,1-CFA,334,3
castor-testcases.jar,Ltestcases/TC_BindingType2_List,SALSA,1-CFA,363,3
castor-testcases.jar,Ltestcases/TC_FieldTypeCollectionType_Array,SALSA,1-CFA,234,3
castor-testcases.jar,Ltestcases/TC_BindXmlAutoNamingType_List,SALSA,1-CFA,354,3
castor-testcases.jar,Ltestcases/TC_VisibilityType_Simple,SALSA,1-CFA,313,3
castor-testcases.jar,Ltestcases/TC_FieldTypeVisibilityType_Set,SALSA,1-CFA,147,2
castor-testcases.jar,Ltestcases/TC_BindingType2_Array,SALSA,1-CFA,116,3
castor-testcases.jar,Ltestcases/TC_BindXmlNodeType_Array,SALSA,1-CFA,130,3
castor-testcases.jar,Ltestcases/TC_FieldTypeVisibilityType_Array,SALSA,1-CFA,95,3
castor-testcases.jar,Ltestcases/TC_BindingType_Simple,SALSA,1-CFA,98,3
castor-testcases.jar,Ltestcases/TC_AccessMode_Set,WALA,0-1-CFA,394,0
castor-testcases.jar,Ltestcases/TC_TableAccessModeType_Simple,WALA,0-1-CFA,124,0
castor-testcases.jar,Ltestcases/TC_SqlDirtyType_Simple,WALA,0-1-CFA,378,0
castor-testcases.jar,Ltestcases/TC_SqlDirtyType_Array,WALA,0-1-CFA,125,0
castor-testcases.jar,Ltestcases/TC_AccessMode_Map,WALA,0-1-CFA,138,0
castor-testcases.jar,Ltestcases/TC_FieldTypeVisibilityType_Simple,WALA,0-1-CFA,132,0
castor-testcases.jar,Ltestcases/TC_EventListenerList_Set,WALA,0-1-CFA,143,0
castor-testcases.jar,Ltestcases/TC_SqlDirtyType_List,WALA,0-1-CFA,136,0
castor-testcases.jar,Ltestcases/TC_EventListenerList_Array,WALA,0-1-CFA,133,0
castor-testcases.jar,Ltestcases/TC_FieldTypeVisibilityType_Map,WALA,0-1-CFA,114,0
castor-testcases.jar,Ltestcases/TC_BindingType2_Simple,WALA,0-1-CFA,122,0
castor-testcases.jar,Ltestcases/TC_VisibilityType_Set,WALA,0-1-CFA,120,0
castor-testcases.jar,Ltestcases/TC_FieldMappingCollectionType_List,WALA,0-1-CFA,126,0
castor-testcases.jar,Ltestcases/TC_TableAccessModeType_List,WALA,0-1-CFA,111,0
castor-testcases.jar,Ltestcases/TC_ClassMappingAccessType_Map,WALA,0-1-CFA,109,0
castor-testcases.jar,Ltestcases/TC_BindXmlNodeType_Map,WALA,0-1-CFA,114,0
castor-testcases.jar,Ltestcases/TC_BindingType_Map,WALA,0-1-CFA,121,0
castor-testcases.jar,Ltestcases/TC_AccessMode_List,WALA,0-1-CFA,271,0
castor-testcases.jar,Ltestcases/TC_VisibilityType_List,WALA,0-1-CFA,189,0
castor-testcases.jar,Ltestcases/TC_BindXmlAutoNamingType_Set,WALA,0-1-CFA,265,0
castor-testcases.jar,Ltestcases/TC_SqlDirtyType_Set,WALA,0-1-CFA,157,0
castor-testcases.jar,Ltestcases/TC_FieldMappingCollectionType_Map,WALA,0-1-CFA,294,0
castor-testcases.jar,Ltestcases/TC_TableAccessModeType_Set,WALA,0-1-CFA,144,0
castor-testcases.jar,Ltestcases/TC_BindXmlNodeType_Set,WALA,0-1-CFA,307,0
castor-testcases.jar,Ltestcases/TC_FieldMappingCollectionType_Array,WALA,0-1-CFA,168,0
castor-testcases.jar,Ltestcases/TC_BindingType2_Set,WALA,0-1-CFA,374,0
castor-testcases.jar,Ltestcases/TC_ClassMappingAccessType_Simple,WALA,0-1-CFA,124,0
castor-testcases.jar,Ltestcases/TC_TableAccessModeType_Array,WALA,0-1-CFA,132,0
castor-testcases.jar,Ltestcases/TC_BindXmlAutoNamingType_Map,WALA,0-1-CFA,123,0
castor-testcases.jar,Ltestcases/TC_EventListenerList_Simple,WALA,0-1-CFA,106,0
castor-testcases.jar,Ltestcases/TC_BindXmlAutoNamingType_Simple,WALA,0-1-CFA,98,0
castor-testcases.jar,Ltestcases/TC_ClassMappingAccessType_Set,WALA,0-1-CFA,112,0
castor-testcases.jar,Ltestcases/TC_SqlDirtyType_Map,WALA,0-1-CFA,96,0
castor-testcases.jar,Ltestcases/TC_FieldTypeCollectionType_Map,WALA,0-1-CFA,106,0
castor-testcases.jar,Ltestcases/TC_TableAccessModeType_Map,WALA,0-1-CFA,127,0
castor-testcases.jar,Ltestcases/TC_BindXmlAutoNamingType_Array,WALA,0-1-CFA,116,0
castor-testcases.jar,Ltestcases/TC_BindingType_List,WALA,0-1-CFA,146,0
castor-testcases.jar,Ltestcases/TC_BindXmlNodeType_List,WALA,0-1-CFA,131,0
castor-testcases.jar,Ltestcases/TC_AccessMode_Simple,WALA,0-1-CFA,128,0
castor-testcases.jar,Ltestcases/TC_EventListenerList_List,WALA,0-1-CFA,111,0
castor-testcases.jar,Ltestcases/TC_FieldMappingCollectionType_Set,WALA,0-1-CFA,116,0
castor-testcases.jar,Ltestcases/TC_AccessMode_Array,WALA,0-1-CFA,199,0
castor-testcases.jar,Ltestcases/TC_EventListenerList_Map,WALA,0-1-CFA,265,0
castor-testcases.jar,Ltestcases/TC_VisibilityType_Map,WALA,0-1-CFA,163,0
castor-testcases.jar,Ltestcases/TC_FieldTypeCollectionType_List,WALA,0-1-CFA,295,0
castor-testcases.jar,Ltestcases/TC_FieldMappingCollectionType_Simple,WALA,0-1-CFA,150,0
castor-testcases.jar,Ltestcases/TC_FieldTypeCollectionType_Simple,WALA,0-1-CFA,323,0
castor-testcases.jar,Ltestcases/TC_VisibilityType_Array,WALA,0-1-CFA,136,0
castor-testcases.jar,Ltestcases/TC_ClassMappingAccessType_List,WALA,0-1-CFA,314,0
castor-testcases.jar,Ltestcases/TC_ClassMappingAccessType_Array,WALA,0-1-CFA,144,0
castor-testcases.jar,Ltestcases/TC_BindingType_Array,WALA,0-1-CFA,111,0
castor-testcases.jar,Ltestcases/TC_FieldTypeCollectionType_Set,WALA,0-1-CFA,100,0
castor-testcases.jar,Ltestcases/TC_BindingType_Set,WALA,0-1-CFA,110,0
castor-testcases.jar,Ltestcases/TC_BindXmlNodeType_Simple,WALA,0-1-CFA,109,0
castor-testcases.jar,Ltestcases/TC_BindingType2_Map,WALA,0-1-CFA,111,0
castor-testcases.jar,Ltestcases/TC_BindingType2_List,WALA,0-1-CFA,104,0
castor-testcases.jar,Ltestcases/TC_FieldTypeCollectionType_Array,WALA,0-1-CFA,135,0
castor-testcases.jar,Ltestcases/TC_BindXmlAutoNamingType_List,WALA,0-1-CFA,107,0
castor-testcases.jar,Ltestcases/TC_VisibilityType_Simple,WALA,0-1-CFA,103,0
castor-testcases.jar,Ltestcases/TC_FieldTypeVisibilityType_Set,WALA,0-1-CFA,99,0
castor-testcases.jar,Ltestcases/TC_BindingType2_Array,WALA,0-1-CFA,97,0
castor-testcases.jar,Ltestcases/TC_BindXmlNodeType_Array,WALA,0-1-CFA,100,0
castor-testcases.jar,Ltestcases/TC_FieldTypeVisibilityType_Array,WALA,0-1-CFA,100,0
castor-testcases.jar,Ltestcases/TC_BindingType_Simple,WALA,0-1-CFA,102,0
castor-testcases.jar,Ltestcases/TC_AccessMode_Set,WALA,1-CFA,481,0
castor-testcases.jar,Ltestcases/TC_TableAccessModeType_Simple,WALA,1-CFA,256,0
castor-testcases.jar,Ltestcases/TC_SqlDirtyType_Simple,WALA,1-CFA,252,0
castor-testcases.jar,Ltestcases/TC_SqlDirtyType_Array,WALA,1-CFA,257,0
castor-testcases.jar,Ltestcases/TC_AccessMode_Map,WALA,1-CFA,274,0
castor-testcases.jar,Ltestcases/TC_FieldTypeVisibilityType_Simple,WALA,1-CFA,265,0
castor-testcases.jar,Ltestcases/TC_EventListenerList_Set,WALA,1-CFA,391,0
castor-testcases.jar,Ltestcases/TC_SqlDirtyType_List,WALA,1-CFA,506,0
castor-testcases.jar,Ltestcases/TC_EventListenerList_Array,WALA,1-CFA,452,0
castor-testcases.jar,Ltestcases/TC_FieldTypeVisibilityType_Map,WALA,1-CFA,497,0
castor-testcases.jar,Ltestcases/TC_BindingType2_Simple,WALA,1-CFA,531,0
castor-testcases.jar,Ltestcases/TC_VisibilityType_Set,WALA,1-CFA,294,0
castor-testcases.jar,Ltestcases/TC_FieldMappingCollectionType_List,WALA,1-CFA,242,0
castor-testcases.jar,Ltestcases/TC_TableAccessModeType_List,WALA,1-CFA,256,0
castor-testcases.jar,Ltestcases/TC_ClassMappingAccessType_Map,WALA,1-CFA,235,0
castor-testcases.jar,Ltestcases/TC_BindXmlNodeType_Map,WALA,1-CFA,237,0
castor-testcases.jar,Ltestcases/TC_BindingType_Map,WALA,1-CFA,214,0
castor-testcases.jar,Ltestcases/TC_AccessMode_List,WALA,1-CFA,443,0
castor-testcases.jar,Ltestcases/TC_VisibilityType_List,WALA,1-CFA,421,0
castor-testcases.jar,Ltestcases/TC_BindXmlAutoNamingType_Set,WALA,1-CFA,397,0
castor-testcases.jar,Ltestcases/TC_SqlDirtyType_Set,WALA,1-CFA,419,0
castor-testcases.jar,Ltestcases/TC_FieldMappingCollectionType_Map,WALA,1-CFA,432,0
castor-testcases.jar,Ltestcases/TC_TableAccessModeType_Set,WALA,1-CFA,232,0
castor-testcases.jar,Ltestcases/TC_BindXmlNodeType_Set,WALA,1-CFA,232,0
castor-testcases.jar,Ltestcases/TC_FieldMappingCollectionType_Array,WALA,1-CFA,239,0
castor-testcases.jar,Ltestcases/TC_BindingType2_Set,WALA,1-CFA,223,0
castor-testcases.jar,Ltestcases/TC_ClassMappingAccessType_Simple,WALA,1-CFA,252,0
castor-testcases.jar,Ltestcases/TC_TableAccessModeType_Array,WALA,1-CFA,237,0
castor-testcases.jar,Ltestcases/TC_BindXmlAutoNamingType_Map,WALA,1-CFA,404,0
castor-testcases.jar,Ltestcases/TC_EventListenerList_Simple,WALA,1-CFA,509,0
castor-testcases.jar,Ltestcases/TC_BindXmlAutoNamingType_Simple,WALA,1-CFA,473,0
castor-testcases.jar,Ltestcases/TC_ClassMappingAccessType_Set,WALA,1-CFA,484,0
castor-testcases.jar,Ltestcases/TC_SqlDirtyType_Map,WALA,1-CFA,496,0
castor-testcases.jar,Ltestcases/TC_FieldTypeCollectionType_Map,WALA,1-CFA,271,0
castor-testcases.jar,Ltestcases/TC_TableAccessModeType_Map,WALA,1-CFA,226,0
castor-testcases.jar,Ltestcases/TC_BindXmlAutoNamingType_Array,WALA,1-CFA,227,0
castor-testcases.jar,Ltestcases/TC_BindingType_List,WALA,1-CFA,258,0
castor-testcases.jar,Ltestcases/TC_BindXmlNodeType_List,WALA,1-CFA,255,0
castor-testcases.jar,Ltestcases/TC_AccessMode_Simple,WALA,1-CFA,250,0
castor-testcases.jar,Ltestcases/TC_EventListenerList_List,WALA,1-CFA,444,0
castor-testcases.jar,Ltestcases/TC_FieldMappingCollectionType_Set,WALA,1-CFA,528,0
castor-testcases.jar,Ltestcases/TC_AccessMode_Array,WALA,1-CFA,560,0
castor-testcases.jar,Ltestcases/TC_EventListenerList_Map,WALA,1-CFA,530,0
castor-testcases.jar,Ltestcases/TC_VisibilityType_Map,WALA,1-CFA,558,0
castor-testcases.jar,Ltestcases/TC_FieldTypeCollectionType_List,WALA,1-CFA,375,0
castor-testcases.jar,Ltestcases/TC_FieldMappingCollectionType_Simple,WALA,1-CFA,242,0
castor-testcases.jar,Ltestcases/TC_FieldTypeCollectionType_Simple,WALA,1-CFA,231,0
castor-testcases.jar,Ltestcases/TC_VisibilityType_Array,WALA,1-CFA,240,0
castor-testcases.jar,Ltestcases/TC_ClassMappingAccessType_List,WALA,1-CFA,263,0
castor-testcases.jar,Ltestcases/TC_ClassMappingAccessType_Array,WALA,1-CFA,520,0
castor-testcases.jar,Ltestcases/TC_BindingType_Array,WALA,1-CFA,497,0
castor-testcases.jar,Ltestcases/TC_FieldTypeCollectionType_Set,WALA,1-CFA,515,0
castor-testcases.jar,Ltestcases/TC_BindingType_Set,WALA,1-CFA,531,0
castor-testcases.jar,Ltestcases/TC_BindXmlNodeType_Simple,WALA,1-CFA,524,0
castor-testcases.jar,Ltestcases/TC_BindingType2_Map,WALA,1-CFA,339,0
castor-testcases.jar,Ltestcases/TC_BindingType2_List,WALA,1-CFA,238,0
castor-testcases.jar,Ltestcases/TC_FieldTypeCollectionType_Array,WALA,1-CFA,230,0
castor-testcases.jar,Ltestcases/TC_BindXmlAutoNamingType_List,WALA,1-CFA,221,0
castor-testcases.jar,Ltestcases/TC_VisibilityType_Simple,WALA,1-CFA,257,0
castor-testcases.jar,Ltestcases/TC_FieldTypeVisibilityType_Set,WALA,1-CFA,489,0
castor-testcases.jar,Ltestcases/TC_BindingType2_Array,WALA,1-CFA,517,0
castor-testcases.jar,Ltestcases/TC_BindXmlNodeType_Array,WALA,1-CFA,507,0
castor-testcases.jar,Ltestcases/TC_FieldTypeVisibilityType_Array,WALA,1-CFA,495,0
castor-testcases.jar,Ltestcases/TC_BindingType_Simple,WALA,1-CFA,572,0
james-testcases.jar,Ltestcases/TC_MailImpl_Array,SENECA,0-1-CFA,534,4
james-testcases.jar,Ltestcases/TC_MailImpl_Map,SENECA,0-1-CFA,486,4
james-testcases.jar,Ltestcases/TC_MailImpl_List,SENECA,0-1-CFA,577,4
james-testcases.jar,Ltestcases/TC_MailImpl_Set,SENECA,0-1-CFA,420,4
james-testcases.jar,Ltestcases/TC_MailImpl_Simple,SENECA,0-1-CFA,399,4
james-testcases.jar,Ltestcases/TC_MailImpl_Array,SENECA,1-CFA,780,3
james-testcases.jar,Ltestcases/TC_MailImpl_Map,SENECA,1-CFA,370,3
james-testcases.jar,Ltestcases/TC_MailImpl_List,SENECA,1-CFA,304,3
james-testcases.jar,Ltestcases/TC_MailImpl_Set,SENECA,1-CFA,389,3
james-testcases.jar,Ltestcases/TC_MailImpl_Simple,SENECA,1-CFA,433,3
james-testcases.jar,Ltestcases/TC_MailImpl_Array,SALSA,0-1-CFA,215,2
james-testcases.jar,Ltestcases/TC_MailImpl_Map,SALSA,0-1-CFA,255,3
james-testcases.jar,Ltestcases/TC_MailImpl_List,SALSA,0-1-CFA,162,3
james-testcases.jar,Ltestcases/TC_MailImpl_Set,SALSA,0-1-CFA,167,3
james-testcases.jar,Ltestcases/TC_MailImpl_Simple,SALSA,0-1-CFA,349,3
james-testcases.jar,Ltestcases/TC_MailImpl_Array,SALSA,1-CFA,208,3
james-testcases.jar,Ltestcases/TC_MailImpl_Map,SALSA,1-CFA,200,3
james-testcases.jar,Ltestcases/TC_MailImpl_List,SALSA,1-CFA,162,3
james-testcases.jar,Ltestcases/TC_MailImpl_Set,SALSA,1-CFA,96,2
james-testcases.jar,Ltestcases/TC_MailImpl_Simple,SALSA,1-CFA,195,2
james-testcases.jar,Ltestcases/TC_MailImpl_Array,WALA,0-1-CFA,325,0
james-testcases.jar,Ltestcases/TC_MailImpl_Map,WALA,0-1-CFA,303,0
james-testcases.jar,Ltestcases/TC_MailImpl_List,WALA,0-1-CFA,119,0
james-testcases.jar,Ltestcases/TC_MailImpl_Set,WALA,0-1-CFA,304,0
james-testcases.jar,Ltestcases/TC_MailImpl_Simple,WALA,0-1-CFA,95,0
james-testcases.jar,Ltestcases/TC_MailImpl_Array,WALA,1-CFA,496,0
james-testcases.jar,Ltestcases/TC_MailImpl_Map,WALA,1-CFA,239,0
james-testcases.jar,Ltestcases/TC_MailImpl_List,WALA,1-CFA,224,0
james-testcases.jar,Ltestcases/TC_MailImpl_Set,WALA,1-CFA,223,0
james-testcases.jar,Ltestcases/TC_MailImpl_Simple,WALA,1-CFA,228,0
jgraph-testcases.jar,Ltestcases/TC_AttributeMap_SerializableRectangle2D_List,SENECA,0-1-CFA,508,3
jgraph-testcases.jar,Ltestcases/TC_DefaultGraphModel_Simple,SENECA,0-1-CFA,312,3
jgraph-testcases.jar,Ltestcases/TC_JGraph_Set,SENECA,0-1-CFA,431,3
jgraph-testcases.jar,Ltestcases/TC_DefaultGraphCellEditor_Array,SENECA,0-1-CFA,341,4
jgraph-testcases.jar,Ltestcases/TC_AttributeMap_SerializableRectangle2D_Map,SENECA,0-1-CFA,520,3
jgraph-testcases.jar,Ltestcases/TC_GraphLayoutCache_Simple,SENECA,0-1-CFA,181,4
jgraph-testcases.jar,Ltestcases/TC_DefaultGraphModel_Map,SENECA,0-1-CFA,216,3
jgraph-testcases.jar,Ltestcases/TC_DefaultGraphCellEditor_Map,SENECA,0-1-CFA,228,4
jgraph-testcases.jar,Ltestcases/TC_DefaultGraphCellEditor_List,SENECA,0-1-CFA,240,4
jgraph-testcases.jar,Ltestcases/TC_DefaultGraphModel_List,SENECA,0-1-CFA,229,3
jgraph-testcases.jar,Ltestcases/TC_JGraph_List,SENECA,0-1-CFA,220,3
jgraph-testcases.jar,Ltestcases/TC_AttributeMap_SerializablePoint2D_Array,SENECA,0-1-CFA,211,3
jgraph-testcases.jar,Ltestcases/TC_AttributeMap_SerializablePoint2D_List,SENECA,0-1-CFA,355,3
jgraph-testcases.jar,Ltestcases/TC_JGraph_Map,SENECA,0-1-CFA,382,3
jgraph-testcases.jar,Ltestcases/TC_DefaultGraphModel_Array,SENECA,0-1-CFA,220,3
jgraph-testcases.jar,Ltestcases/TC_GraphLayoutCache_Set,SENECA,0-1-CFA,311,4
jgraph-testcases.jar,Ltestcases/TC_AttributeMap_SerializablePoint2D_Map,SENECA,0-1-CFA,326,3
jgraph-testcases.jar,Ltestcases/TC_DefaultGraphModel_Set,SENECA,0-1-CFA,314,3
jgraph-testcases.jar,Ltestcases/TC_GraphLayoutCache_Map,SENECA,0-1-CFA,414,4
jgraph-testcases.jar,Ltestcases/TC_AttributeMap_SerializableRectangle2D_Set,SENECA,0-1-CFA,221,3
jgraph-testcases.jar,Ltestcases/TC_JGraph_Simple,SENECA,0-1-CFA,180,3
jgraph-testcases.jar,Ltestcases/TC_DefaultGraphCellEditor_Simple,SENECA,0-1-CFA,229,4
jgraph-testcases.jar,Ltestcases/TC_AttributeMap_SerializableRectangle2D_Array,SENECA,0-1-CFA,190,3
jgraph-testcases.jar,Ltestcases/TC_AttributeMap_SerializablePoint2D_Set,SENECA,0-1-CFA,376,3
jgraph-testcases.jar,Ltestcases/TC_AttributeMap_SerializablePoint2D_Simple,SENECA,0-1-CFA,286,3
jgraph-testcases.jar,Ltestcases/TC_AttributeMap_SerializableRectangle2D_Simple,SENECA,0-1-CFA,225,3
jgraph-testcases.jar,Ltestcases/TC_DefaultGraphCellEditor_Set,SENECA,0-1-CFA,408,4
jgraph-testcases.jar,Ltestcases/TC_JGraph_Array,SENECA,0-1-CFA,217,3
jgraph-testcases.jar,Ltestcases/TC_AttributeMap_SerializableRectangle2D_List,SENECA,1-CFA,480,3
jgraph-testcases.jar,Ltestcases/TC_DefaultGraphModel_Simple,SENECA,1-CFA,282,3
jgraph-testcases.jar,Ltestcases/TC_JGraph_Set,SENECA,1-CFA,380,3
jgraph-testcases.jar,Ltestcases/TC_DefaultGraphCellEditor_Array,SENECA,1-CFA,287,3
jgraph-testcases.jar,Ltestcases/TC_AttributeMap_SerializableRectangle2D_Map,SENECA,1-CFA,402,3
jgraph-testcases.jar,Ltestcases/TC_GraphLayoutCache_Simple,SENECA,1-CFA,383,3
jgraph-testcases.jar,Ltestcases/TC_DefaultGraphModel_Map,SENECA,1-CFA,271,3
jgraph-testcases.jar,Ltestcases/TC_DefaultGraphCellEditor_Map,SENECA,1-CFA,269,3
jgraph-testcases.jar,Ltestcases/TC_DefaultGraphCellEditor_List,SENECA,1-CFA,434,3
jgraph-testcases.jar,Ltestcases/TC_DefaultGraphModel_List,SENECA,1-CFA,427,3
jgraph-testcases.jar,Ltestcases/TC_JGraph_List,SENECA,1-CFA,408,3
jgraph-testcases.jar,Ltestcases/TC_AttributeMap_SerializablePoint2D_Array,SENECA,1-CFA,281,3
jgraph-testcases.jar,Ltestcases/TC_AttributeMap_SerializablePoint2D_List,SENECA,1-CFA,486,3
jgraph-testcases.jar,Ltestcases/TC_JGraph_Map,SENECA,1-CFA,313,3
jgraph-testcases.jar,Ltestcases/TC_DefaultGraphModel_Array,SENECA,1-CFA,295,3
jgraph-testcases.jar,Ltestcases/TC_GraphLayoutCache_Set,SENECA,1-CFA,384,3
jgraph-testcases.jar,Ltestcases/TC_AttributeMap_SerializablePoint2D_Map,SENECA,1-CFA,430,3
jgraph-testcases.jar,Ltestcases/TC_DefaultGraphModel_Set,SENECA,1-CFA,504,3
jgraph-testcases.jar,Ltestcases/TC_GraphLayoutCache_Map,SENECA,1-CFA,431,3
jgraph-testcases.jar,Ltestcases/TC_AttributeMap_SerializableRectangle2D_Set,SENECA,1-CFA,316,3
jgraph-testcases.jar,Ltestcases/TC_JGraph_Simple,SENECA,1-CFA,267,3
jgraph-testcases.jar,Ltestcases/TC_DefaultGraphCellEditor_Simple,SENECA,1-CFA,400,5
jgraph-testcases.jar,Ltestcases/TC_AttributeMap_SerializableRectangle2D_Array,SENECA,1-CFA,280,3
jgraph-testcases.jar,Ltestcases/TC_AttributeMap_SerializablePoint2D_Set,SENECA,1-CFA,372,3
jgraph-testcases.jar,Ltestcases/TC_AttributeMap_SerializablePoint2D_Simple,SENECA,1-CFA,369,3
jgraph-testcases.jar,Ltestcases/TC_AttributeMap_SerializableRectangle2D_Simple,SENECA,1-CFA,267,3
jgraph-testcases.jar,Ltestcases/TC_DefaultGraphCellEditor_Set,SENECA,1-CFA,404,3
jgraph-testcases.jar,Ltestcases/TC_JGraph_Array,SENECA,1-CFA,236,3
jgraph-testcases.jar,Ltestcases/TC_AttributeMap_SerializableRectangle2D_List,SALSA,0-1-CFA,275,3
jgraph-testcases.jar,Ltestcases/TC_DefaultGraphModel_Simple,SALSA,0-1-CFA,89,2
jgraph-testcases.jar,Ltestcases/TC_JGraph_Set,SALSA,0-1-CFA,173,3
jgraph-testcases.jar,Ltestcases/TC_DefaultGraphCellEditor_Array,SALSA,0-1-CFA,212,2
jgraph-testcases.jar,Ltestcases/TC_AttributeMap_SerializableRectangle2D_Map,SALSA,0-1-CFA,158,3
jgraph-testcases.jar,Ltestcases/TC_GraphLayoutCache_Simple,SALSA,0-1-CFA,356,3
jgraph-testcases.jar,Ltestcases/TC_DefaultGraphModel_Map,SALSA,0-1-CFA,200,3
jgraph-testcases.jar,Ltestcases/TC_DefaultGraphCellEditor_Map,SALSA,0-1-CFA,125,3
jgraph-testcases.jar,Ltestcases/TC_DefaultGraphCellEditor_List,SALSA,0-1-CFA,257,3
jgraph-testcases.jar,Ltestcases/TC_DefaultGraphModel_List,SALSA,0-1-CFA,142,3
jgraph-testcases.jar,Ltestcases/TC_JGraph_List,SALSA,0-1-CFA,230,3
jgraph-testcases.jar,Ltestcases/TC_AttributeMap_SerializablePoint2D_Array,SALSA,0-1-CFA,126,2
jgraph-testcases.jar,Ltestcases/TC_AttributeMap_SerializablePoint2D_List,SALSA,0-1-CFA,120,3
jgraph-testcases.jar,Ltestcases/TC_JGraph_Map,SALSA,0-1-CFA,250,3
jgraph-testcases.jar,Ltestcases/TC_DefaultGraphModel_Array,SALSA,0-1-CFA,113,2
jgraph-testcases.jar,Ltestcases/TC_GraphLayoutCache_Set,SALSA,0-1-CFA,212,3
jgraph-testcases.jar,Ltestcases/TC_AttributeMap_SerializablePoint2D_Map,SALSA,0-1-CFA,277,3
jgraph-testcases.jar,Ltestcases/TC_DefaultGraphModel_Set,SALSA,0-1-CFA,115,3
jgraph-testcases.jar,Ltestcases/TC_GraphLayoutCache_Map,SALSA,0-1-CFA,279,3
jgraph-testcases.jar,Ltestcases/TC_AttributeMap_SerializableRectangle2D_Set,SALSA,0-1-CFA,169,3
jgraph-testcases.jar,Ltestcases/TC_JGraph_Simple,SALSA,0-1-CFA,102,2
jgraph-testcases.jar,Ltestcases/TC_DefaultGraphCellEditor_Simple,SALSA,0-1-CFA,242,3
jgraph-testcases.jar,Ltestcases/TC_AttributeMap_SerializableRectangle2D_Array,SALSA,0-1-CFA,57,2
jgraph-testcases.jar,Ltestcases/TC_AttributeMap_SerializablePoint2D_Set,SALSA,0-1-CFA,156,3
jgraph-testcases.jar,Ltestcases/TC_AttributeMap_SerializablePoint2D_Simple,SALSA,0-1-CFA,147,2
jgraph-testcases.jar,Ltestcases/TC_AttributeMap_SerializableRectangle2D_Simple,SALSA,0-1-CFA,67,2
jgraph-testcases.jar,Ltestcases/TC_DefaultGraphCellEditor_Set,SALSA,0-1-CFA,157,3
jgraph-testcases.jar,Ltestcases/TC_JGraph_Array,SALSA,0-1-CFA,134,2
jgraph-testcases.jar,Ltestcases/TC_AttributeMap_SerializableRectangle2D_List,SALSA,1-CFA,317,3
jgraph-testcases.jar,Ltestcases/TC_DefaultGraphModel_Simple,SALSA,1-CFA,165,2
jgraph-testcases.jar,Ltestcases/TC_JGraph_Set,SALSA,1-CFA,171,2
jgraph-testcases.jar,Ltestcases/TC_DefaultGraphCellEditor_Array,SALSA,1-CFA,196,3
jgraph-testcases.jar,Ltestcases/TC_AttributeMap_SerializableRectangle2D_Map,SALSA,1-CFA,284,3
jgraph-testcases.jar,Ltestcases/TC_GraphLayoutCache_Simple,SALSA,1-CFA,300,2
jgraph-testcases.jar,Ltestcases/TC_DefaultGraphModel_Map,SALSA,1-CFA,271,3
jgraph-testcases.jar,Ltestcases/TC_DefaultGraphCellEditor_Map,SALSA,1-CFA,268,3
jgraph-testcases.jar,Ltestcases/TC_DefaultGraphCellEditor_List,SALSA,1-CFA,298,3
jgraph-testcases.jar,Ltestcases/TC_DefaultGraphModel_List,SALSA,1-CFA,260,3
jgraph-testcases.jar,Ltestcases/TC_JGraph_List,SALSA,1-CFA,264,3
jgraph-testcases.jar,Ltestcases/TC_AttributeMap_SerializablePoint2D_Array,SALSA,1-CFA,171,3
jgraph-testcases.jar,Ltestcases/TC_AttributeMap_SerializablePoint2D_List,SALSA,1-CFA,244,3
jgraph-testcases.jar,Ltestcases/TC_JGraph_Map,SALSA,1-CFA,311,3
jgraph-testcases.jar,Ltestcases/TC_DefaultGraphModel_Array,SALSA,1-CFA,204,3
jgraph-testcases.jar,Ltestcases/TC_GraphLayoutCache_Set,SALSA,1-CFA,221,2
jgraph-testcases.jar,Ltestcases/TC_AttributeMap_SerializablePoint2D_Map,SALSA,1-CFA,288,3
jgraph-testcases.jar,Ltestcases/TC_DefaultGraphModel_Set,SALSA,1-CFA,246,2
jgraph-testcases.jar,Ltestcases/TC_GraphLayoutCache_Map,SALSA,1-CFA,322,3
jgraph-testcases.jar,Ltestcases/TC_AttributeMap_SerializableRectangle2D_Set,SALSA,1-CFA,205,2
jgraph-testcases.jar,Ltestcases/TC_JGraph_Simple,SALSA,1-CFA,153,2
jgraph-testcases.jar,Ltestcases/TC_DefaultGraphCellEditor_Simple,SALSA,1-CFA,242,2
jgraph-testcases.jar,Ltestcases/TC_AttributeMap_SerializableRectangle2D_Array,SALSA,1-CFA,184,3
jgraph-testcases.jar,Ltestcases/TC_AttributeMap_SerializablePoint2D_Set,SALSA,1-CFA,215,2
jgraph-testcases.jar,Ltestcases/TC_AttributeMap_SerializablePoint2D_Simple,SALSA,1-CFA,239,2
jgraph-testcases.jar,Ltestcases/TC_AttributeMap_SerializableRectangle2D_Simple,SALSA,1-CFA,177,2
jgraph-testcases.jar,Ltestcases/TC_DefaultGraphCellEditor_Set,SALSA,1-CFA,161,2
jgraph-testcases.jar,Ltestcases/TC_JGraph_Array,SALSA,1-CFA,212,3
jgraph-testcases.jar,Ltestcases/TC_AttributeMap_SerializableRectangle2D_List,WALA,0-1-CFA,343,0
jgraph-testcases.jar,Ltestcases/TC_DefaultGraphModel_Simple,WALA,0-1-CFA,244,0
jgraph-testcases.jar,Ltestcases/TC_JGraph_Set,WALA,0-1-CFA,145,0
jgraph-testcases.jar,Ltestcases/TC_DefaultGraphCellEditor_Array,WALA,0-1-CFA,260,0
jgraph-testcases.jar,Ltestcases/TC_AttributeMap_SerializableRectangle2D_Map,WALA,0-1-CFA,168,0
jgraph-testcases.jar,Ltestcases/TC_GraphLayoutCache_Simple,WALA,0-1-CFA,339,0
jgraph-testcases.jar,Ltestcases/TC_DefaultGraphModel_Map,WALA,0-1-CFA,159,0
jgraph-testcases.jar,Ltestcases/TC_DefaultGraphCellEditor_Map,WALA,0-1-CFA,266,0
jgraph-testcases.jar,Ltestcases/TC_DefaultGraphCellEditor_List,WALA,0-1-CFA,131,0
jgraph-testcases.jar,Ltestcases/TC_DefaultGraphModel_List,WALA,0-1-CFA,280,0
jgraph-testcases.jar,Ltestcases/TC_JGraph_List,WALA,0-1-CFA,95,0
jgraph-testcases.jar,Ltestcases/TC_AttributeMap_SerializablePoint2D_Array,WALA,0-1-CFA,282,0
jgraph-testcases.jar,Ltestcases/TC_AttributeMap_SerializablePoint2D_List,WALA,0-1-CFA,94,0
jgraph-testcases.jar,Ltestcases/TC_JGraph_Map,WALA,0-1-CFA,262,0
jgraph-testcases.jar,Ltestcases/TC_DefaultGraphModel_Array,WALA,0-1-CFA,102,0
jgraph-testcases.jar,Ltestcases/TC_GraphLayoutCache_Set,WALA,0-1-CFA,312,0
jgraph-testcases.jar,Ltestcases/TC_AttributeMap_SerializablePoint2D_Map,WALA,0-1-CFA,128,0
jgraph-testcases.jar,Ltestcases/TC_DefaultGraphModel_Set,WALA,0-1-CFA,261,0
jgraph-testcases.jar,Ltestcases/TC_GraphLayoutCache_Map,WALA,0-1-CFA,154,0
jgraph-testcases.jar,Ltestcases/TC_AttributeMap_SerializableRectangle2D_Set,WALA,0-1-CFA,268,0
jgraph-testcases.jar,Ltestcases/TC_JGraph_Simple,WALA,0-1-CFA,90,0
jgraph-testcases.jar,Ltestcases/TC_DefaultGraphCellEditor_Simple,WALA,0-1-CFA,258,0
jgraph-testcases.jar,Ltestcases/TC_AttributeMap_SerializableRectangle2D_Array,WALA,0-1-CFA,109,0
jgraph-testcases.jar,Ltestcases/TC_AttributeMap_SerializablePoint2D_Set,WALA,0-1-CFA,249,0
jgraph-testcases.jar,Ltestcases/TC_AttributeMap_SerializablePoint2D_Simple,WALA,0-1-CFA,128,0
jgraph-testcases.jar,Ltestcases/TC_AttributeMap_SerializableRectangle2D_Simple,WALA,0-1-CFA,246,0
jgraph-testcases.jar,Ltestcases/TC_DefaultGraphCellEditor_Set,WALA,0-1-CFA,160,0
jgraph-testcases.jar,Ltestcases/TC_JGraph_Array,WALA,0-1-CFA,214,0
jgraph-testcases.jar,Ltestcases/TC_AttributeMap_SerializableRectangle2D_List,WALA,1-CFA,406,0
jgraph-testcases.jar,Ltestcases/TC_DefaultGraphModel_Simple,WALA,1-CFA,425,0
jgraph-testcases.jar,Ltestcases/TC_JGraph_Set,WALA,1-CFA,421,0
jgraph-testcases.jar,Ltestcases/TC_DefaultGraphCellEditor_Array,WALA,1-CFA,436,0
jgraph-testcases.jar,Ltestcases/TC_AttributeMap_SerializableRectangle2D_Map,WALA,1-CFA,404,0
jgraph-testcases.jar,Ltestcases/TC_GraphLayoutCache_Simple,WALA,1-CFA,570,0
jgraph-testcases.jar,Ltestcases/TC_DefaultGraphModel_Map,WALA,1-CFA,447,0
jgraph-testcases.jar,Ltestcases/TC_DefaultGraphCellEditor_Map,WALA,1-CFA,439,0
jgraph-testcases.jar,Ltestcases/TC_DefaultGraphCellEditor_List,WALA,1-CFA,466,0
jgraph-testcases.jar,Ltestcases/TC_DefaultGraphModel_List,WALA,1-CFA,466,0
jgraph-testcases.jar,Ltestcases/TC_JGraph_List,WALA,1-CFA,491,0
jgraph-testcases.jar,Ltestcases/TC_AttributeMap_SerializablePoint2D_Array,WALA,1-CFA,414,0
jgraph-testcases.jar,Ltestcases/TC_AttributeMap_SerializablePoint2D_List,WALA,1-CFA,439,0
jgraph-testcases.jar,Ltestcases/TC_JGraph_Map,WALA,1-CFA,423,0
jgraph-testcases.jar,Ltestcases/TC_DefaultGraphModel_Array,WALA,1-CFA,447,0
jgraph-testcases.jar,Ltestcases/TC_GraphLayoutCache_Set,WALA,1-CFA,502,0
jgraph-testcases.jar,Ltestcases/TC_AttributeMap_SerializablePoint2D_Map,WALA,1-CFA,412,0
jgraph-testcases.jar,Ltestcases/TC_DefaultGraphModel_Set,WALA,1-CFA,443,0
jgraph-testcases.jar,Ltestcases/TC_GraphLayoutCache_Map,WALA,1-CFA,510,0
jgraph-testcases.jar,Ltestcases/TC_AttributeMap_SerializableRectangle2D_Set,WALA,1-CFA,465,0
jgraph-testcases.jar,Ltestcases/TC_JGraph_Simple,WALA,1-CFA,436,0
jgraph-testcases.jar,Ltestcases/TC_DefaultGraphCellEditor_Simple,WALA,1-CFA,456,0
jgraph-testcases.jar,Ltestcases/TC_AttributeMap_SerializableRectangle2D_Array,WALA,1-CFA,411,0
jgraph-testcases.jar,Ltestcases/TC_AttributeMap_SerializablePoint2D_Set,WALA,1-CFA,461,0
jgraph-testcases.jar,Ltestcases/TC_AttributeMap_SerializablePoint2D_Simple,WALA,1-CFA,482,0
jgraph-testcases.jar,Ltestcases/TC_AttributeMap_SerializableRectangle2D_Simple,WALA,1-CFA,539,0
jgraph-testcases.jar,Ltestcases/TC_DefaultGraphCellEditor_Set,WALA,1-CFA,486,0
jgraph-testcases.jar,Ltestcases/TC_JGraph_Array,WALA,1-CFA,515,0
jpf-testcases.jar,Ltestcases/TC_Version_Simple,SENECA,0-1-CFA,263,3
jpf-testcases.jar,Ltestcases/TC_Version_Array,SENECA,0-1-CFA,144,3
jpf-testcases.jar,Ltestcases/TC_Version_Set,SENECA,0-1-CFA,311,3
jpf-testcases.jar,Ltestcases/TC_Version_List,SENECA,0-1-CFA,160,3
jpf-testcases.jar,Ltestcases/TC_Version_Map,SENECA,0-1-CFA,299,3
jpf-testcases.jar,Ltestcases/TC_Version_Simple,SENECA,1-CFA,407,3
jpf-testcases.jar,Ltestcases/TC_Version_Array,SENECA,1-CFA,173,3
jpf-testcases.jar,Ltestcases/TC_Version_Set,SENECA,1-CFA,407,3
jpf-testcases.jar,Ltestcases/TC_Version_List,SENECA,1-CFA,360,3
jpf-testcases.jar,Ltestcases/TC_Version_Map,SENECA,1-CFA,369,3
jpf-testcases.jar,Ltestcases/TC_Version_Simple,SALSA,0-1-CFA,199,3
jpf-testcases.jar,Ltestcases/TC_Version_Array,SALSA,0-1-CFA,91,2
jpf-testcases.jar,Ltestcases/TC_Version_Set,SALSA,0-1-CFA,222,3
jpf-testcases.jar,Ltestcases/TC_Version_List,SALSA,0-1-CFA,239,3
jpf-testcases.jar,Ltestcases/TC_Version_Map,SALSA,0-1-CFA,143,3
jpf-testcases.jar,Ltestcases/TC_Version_Simple,SALSA,1-CFA,257,3
jpf-testcases.jar,Ltestcases/TC_Version_Array,SALSA,1-CFA,215,3
jpf-testcases.jar,Ltestcases/TC_Version_Set,SALSA,1-CFA,313,3
jpf-testcases.jar,Ltestcases/TC_Version_List,SALSA,1-CFA,348,3
jpf-testcases.jar,Ltestcases/TC_Version_Map,SALSA,1-CFA,354,3
jpf-testcases.jar,Ltestcases/TC_Version_Simple,WALA,0-1-CFA,336,0
jpf-testcases.jar,Ltestcases/TC_Version_Array,WALA,0-1-CFA,321,0
jpf-testcases.jar,Ltestcases/TC_Version_Set,WALA,0-1-CFA,138,0
jpf-testcases.jar,Ltestcases/TC_Version_List,WALA,0-1-CFA,384,0
jpf-testcases.jar,Ltestcases/TC_Version_Map,WALA,0-1-CFA,141,0
jpf-testcases.jar,Ltestcases/TC_Version_Simple,WALA,1-CFA,554,0
jpf-testcases.jar,Ltestcases/TC_Version_Array,WALA,1-CFA,507,0
jpf-testcases.jar,Ltestcases/TC_Version_Set,WALA,1-CFA,529,0
jpf-testcases.jar,Ltestcases/TC_Version_List,WALA,1-CFA,525,0
jpf-testcases.jar,Ltestcases/TC_Version_Map,WALA,1-CFA,544,0
log4j-testcases.jar,Ltestcases/TC_LoggingEvent_Simple,SENECA,0-1-CFA,953,4
log4j-testcases.jar,Ltestcases/TC_Level_Simple,SENECA,0-1-CFA,338,4
log4j-testcases.jar,Ltestcases/TC_LogEvent_Array,SENECA,0-1-CFA,714,4
log4j-testcases.jar,Ltestcases/TC_Level_Map,SENECA,0-1-CFA,285,4
log4j-testcases.jar,Ltestcases/TC_Level_Array,SENECA,0-1-CFA,396,4
log4j-testcases.jar,Ltestcases/TC_Level_Set,SENECA,0-1-CFA,256,4
log4j-testcases.jar,Ltestcases/TC_LogEvent_List,SENECA,0-1-CFA,644,4
log4j-testcases.jar,Ltestcases/TC_LoggingEvent_Set,SENECA,0-1-CFA,610,4
log4j-testcases.jar,Ltestcases/TC_LogEvent_Map,SENECA,0-1-CFA,492,4
log4j-testcases.jar,Ltestcases/TC_LoggingEvent_Map,SENECA,0-1-CFA,440,4
log4j-testcases.jar,Ltestcases/TC_Level_List,SENECA,0-1-CFA,204,4
log4j-testcases.jar,Ltestcases/TC_LoggingEvent_List,SENECA,0-1-CFA,385,4
log4j-testcases.jar,Ltestcases/TC_LogEvent_Set,SENECA,0-1-CFA,401,4
log4j-testcases.jar,Ltestcases/TC_LogEvent_Simple,SENECA,0-1-CFA,370,4
log4j-testcases.jar,Ltestcases/TC_LoggingEvent_Array,SENECA,0-1-CFA,366,4
log4j-testcases.jar,Ltestcases/TC_LoggingEvent_Simple,SENECA,1-CFA,630,4
log4j-testcases.jar,Ltestcases/TC_Level_Simple,SENECA,1-CFA,409,4
log4j-testcases.jar,Ltestcases/TC_LogEvent_Array,SENECA,1-CFA,590,4
log4j-testcases.jar,Ltestcases/TC_Level_Map,SENECA,1-CFA,321,4
log4j-testcases.jar,Ltestcases/TC_Level_Array,SENECA,1-CFA,142,4
log4j-testcases.jar,Ltestcases/TC_Level_Set,SENECA,1-CFA,232,4
log4j-testcases.jar,Ltestcases/TC_LogEvent_List,SENECA,1-CFA,350,4
log4j-testcases.jar,Ltestcases/TC_LoggingEvent_Set,SENECA,1-CFA,381,4
log4j-testcases.jar,Ltestcases/TC_LogEvent_Map,SENECA,1-CFA,371,4
log4j-testcases.jar,Ltestcases/TC_LoggingEvent_Map,SENECA,1-CFA,419,4
log4j-testcases.jar,Ltestcases/TC_Level_List,SENECA,1-CFA,267,4
log4j-testcases.jar,Ltestcases/TC_LoggingEvent_List,SENECA,1-CFA,684,4
log4j-testcases.jar,Ltestcases/TC_LogEvent_Set,SENECA,1-CFA,778,4
log4j-testcases.jar,Ltestcases/TC_LogEvent_Simple,SENECA,1-CFA,358,4
log4j-testcases.jar,Ltestcases/TC_LoggingEvent_Array,SENECA,1-CFA,224,4
log4j-testcases.jar,Ltestcases/TC_LoggingEvent_Simple,SALSA,0-1-CFA,505,3
log4j-testcases.jar,Ltestcases/TC_Level_Simple,SALSA,0-1-CFA,169,3
log4j-testcases.jar,Ltestcases/TC_LogEvent_Array,SALSA,0-1-CFA,396,2
log4j-testcases.jar,Ltestcases/TC_Level_Map,SALSA,0-1-CFA,246,3
log4j-testcases.jar,Ltestcases/TC_Level_Array,SALSA,0-1-CFA,57,2
log4j-testcases.jar,Ltestcases/TC_Level_Set,SALSA,0-1-CFA,108,3
log4j-testcases.jar,Ltestcases/TC_LogEvent_List,SALSA,0-1-CFA,277,3
log4j-testcases.jar,Ltestcases/TC_LoggingEvent_Set,SALSA,0-1-CFA,257,3
log4j-testcases.jar,Ltestcases/TC_LogEvent_Map,SALSA,0-1-CFA,263,3
log4j-testcases.jar,Ltestcases/TC_LoggingEvent_Map,SALSA,0-1-CFA,259,3
log4j-testcases.jar,Ltestcases/TC_Level_List,SALSA,0-1-CFA,109,3
log4j-testcases.jar,Ltestcases/TC_LoggingEvent_List,SALSA,0-1-CFA,268,3
log4j-testcases.jar,Ltestcases/TC_LogEvent_Set,SALSA,0-1-CFA,263,3
log4j-testcases.jar,Ltestcases/TC_LogEvent_Simple,SALSA,0-1-CFA,498,3
log4j-testcases.jar,Ltestcases/TC_LoggingEvent_Array,SALSA,0-1-CFA,246,2
log4j-testcases.jar,Ltestcases/TC_LoggingEvent_Simple,SALSA,1-CFA,397,2
log4j-testcases.jar,Ltestcases/TC_Level_Simple,SALSA,1-CFA,147,3
log4j-testcases.jar,Ltestcases/TC_LogEvent_Array,SALSA,1-CFA,204,3
log4j-testcases.jar,Ltestcases/TC_Level_Map,SALSA,1-CFA,141,3
log4j-testcases.jar,Ltestcases/TC_Level_Array,SALSA,1-CFA,72,3
log4j-testcases.jar,Ltestcases/TC_Level_Set,SALSA,1-CFA,83,2
log4j-testcases.jar,Ltestcases/TC_LogEvent_List,SALSA,1-CFA,314,3
log4j-testcases.jar,Ltestcases/TC_LoggingEvent_Set,SALSA,1-CFA,304,3
log4j-testcases.jar,Ltestcases/TC_LogEvent_Map,SALSA,1-CFA,515,3
log4j-testcases.jar,Ltestcases/TC_LoggingEvent_Map,SALSA,1-CFA,515,3
log4j-testcases.jar,Ltestcases/TC_Level_List,SALSA,1-CFA,276,3
log4j-testcases.jar,Ltestcases/TC_LoggingEvent_List,SALSA,1-CFA,527,3
log4j-testcases.jar,Ltestcases/TC_LogEvent_Set,SALSA,1-CFA,272,3
log4j-testcases.jar,Ltestcases/TC_LogEvent_Simple,SALSA,1-CFA,230,2
log4j-testcases.jar,Ltestcases/TC_LoggingEvent_Array,SALSA,1-CFA,200,3
log4j-testcases.jar,Ltestcases/TC_LoggingEvent_Simple,WALA,0-1-CFA,387,0
log4j-testcases.jar,Ltestcases/TC_Level_Simple,WALA,0-1-CFA,229,0
log4j-testcases.jar,Ltestcases/TC_LogEvent_Array,WALA,0-1-CFA,253,0
log4j-testcases.jar,Ltestcases/TC_Level_Map,WALA,0-1-CFA,98,0
log4j-testcases.jar,Ltestcases/TC_Level_Array,WALA,0-1-CFA,90,0
log4j-testcases.jar,Ltestcases/TC_Level_Set,WALA,0-1-CFA,86,0
log4j-testcases.jar,Ltestcases/TC_LogEvent_List,WALA,0-1-CFA,142,0
log4j-testcases.jar,Ltestcases/TC_LoggingEvent_Set,WALA,0-1-CFA,154,0
log4j-testcases.jar,Ltestcases/TC_LogEvent_Map,WALA,0-1-CFA,156,0
log4j-testcases.jar,Ltestcases/TC_LoggingEvent_Map,WALA,0-1-CFA,151,0
log4j-testcases.jar,Ltestcases/TC_Level_List,WALA,0-1-CFA,87,0
log4j-testcases.jar,Ltestcases/TC_LoggingEvent_List,WALA,0-1-CFA,140,0
log4j-testcases.jar,Ltestcases/TC_LogEvent_Set,WALA,0-1-CFA,158,0
log4j-testcases.jar,Ltestcases/TC_LogEvent_Simple,WALA,0-1-CFA,153,0
log4j-testcases.jar,Ltestcases/TC_LoggingEvent_Array,WALA,0-1-CFA,318,0
log4j-testcases.jar,Ltestcases/TC_LoggingEvent_Simple,WALA,1-CFA,737,0
log4j-testcases.jar,Ltestcases/TC_Level_Simple,WALA,1-CFA,342,0
log4j-testcases.jar,Ltestcases/TC_LogEvent_Array,WALA,1-CFA,451,0
log4j-testcases.jar,Ltestcases/TC_Level_Map,WALA,1-CFA,212,0
log4j-testcases.jar,Ltestcases/TC_Level_Array,WALA,1-CFA,257,0
log4j-testcases.jar,Ltestcases/TC_Level_Set,WALA,1-CFA,257,0
log4j-testcases.jar,Ltestcases/TC_LogEvent_List,WALA,1-CFA,489,0
log4j-testcases.jar,Ltestcases/TC_LoggingEvent_Set,WALA,1-CFA,718,0
log4j-testcases.jar,Ltestcases/TC_LogEvent_Map,WALA,1-CFA,724,0
log4j-testcases.jar,Ltestcases/TC_LoggingEvent_Map,WALA,1-CFA,515,0
log4j-testcases.jar,Ltestcases/TC_Level_List,WALA,1-CFA,195,0
log4j-testcases.jar,Ltestcases/TC_LoggingEvent_List,WALA,1-CFA,377,0
log4j-testcases.jar,Ltestcases/TC_LogEvent_Set,WALA,1-CFA,392,0
log4j-testcases.jar,Ltestcases/TC_LogEvent_Simple,WALA,1-CFA,730,0
log4j-testcases.jar,Ltestcases/TC_LoggingEvent_Array,WALA,1-CFA,702,0
openjms-testcases.jar,Ltestcases/TC_UnicastDelegate_Set,SENECA,0-1-CFA,416,3
openjms-testcases.jar,Ltestcases/TC_UnicastDelegate_Map,SENECA,0-1-CFA,277,3
openjms-testcases.jar,Ltestcases/TC_UnicastDelegate_Array,SENECA,0-1-CFA,304,3
openjms-testcases.jar,Ltestcases/TC_UnicastDelegate_List,SENECA,0-1-CFA,439,3
openjms-testcases.jar,Ltestcases/TC_UnicastDelegate_Simple,SENECA,0-1-CFA,270,3
openjms-testcases.jar,Ltestcases/TC_UnicastDelegate_Set,SENECA,1-CFA,531,3
openjms-testcases.jar,Ltestcases/TC_UnicastDelegate_Map,SENECA,1-CFA,224,3
openjms-testcases.jar,Ltestcases/TC_UnicastDelegate_Array,SENECA,1-CFA,179,3
openjms-testcases.jar,Ltestcases/TC_UnicastDelegate_List,SENECA,1-CFA,237,3
openjms-testcases.jar,Ltestcases/TC_UnicastDelegate_Simple,SENECA,1-CFA,140,3
openjms-testcases.jar,Ltestcases/TC_UnicastDelegate_Set,SALSA,0-1-CFA,282,3
openjms-testcases.jar,Ltestcases/TC_UnicastDelegate_Map,SALSA,0-1-CFA,306,3
openjms-testcases.jar,Ltestcases/TC_UnicastDelegate_Array,SALSA,0-1-CFA,116,2
openjms-testcases.jar,Ltestcases/TC_UnicastDelegate_List,SALSA,0-1-CFA,191,3
openjms-testcases.jar,Ltestcases/TC_UnicastDelegate_Simple,SALSA,0-1-CFA,298,3
openjms-testcases.jar,Ltestcases/TC_UnicastDelegate_Set,SALSA,1-CFA,254,2
openjms-testcases.jar,Ltestcases/TC_UnicastDelegate_Map,SALSA,1-CFA,304,3
openjms-testcases.jar,Ltestcases/TC_UnicastDelegate_Array,SALSA,1-CFA,104,3
openjms-testcases.jar,Ltestcases/TC_UnicastDelegate_List,SALSA,1-CFA,154,3
openjms-testcases.jar,Ltestcases/TC_UnicastDelegate_Simple,SALSA,1-CFA,111,2
openjms-testcases.jar,Ltestcases/TC_UnicastDelegate_Set,WALA,0-1-CFA,317,0
openjms-testcases.jar,Ltestcases/TC_UnicastDelegate_Map,WALA,0-1-CFA,115,0
openjms-testcases.jar,Ltestcases/TC_UnicastDelegate_Array,WALA,0-1-CFA,109,0
openjms-testcases.jar,Ltestcases/TC_UnicastDelegate_List,WALA,0-1-CFA,264,0
openjms-testcases.jar,Ltestcases/TC_UnicastDelegate_Simple,WALA,0-1-CFA,185,0
openjms-testcases.jar,Ltestcases/TC_UnicastDelegate_Set,WALA,1-CFA,522,0
openjms-testcases.jar,Ltestcases/TC_UnicastDelegate_Map,WALA,1-CFA,523,0
openjms-testcases.jar,Ltestcases/TC_UnicastDelegate_Array,WALA,1-CFA,345,0
openjms-testcases.jar,Ltestcases/TC_UnicastDelegate_List,WALA,1-CFA,266,0
openjms-testcases.jar,Ltestcases/TC_UnicastDelegate_Simple,WALA,1-CFA,222,0
pooka-testcases.jar,Ltestcases/TC_TreeItem_Set,SENECA,0-1-CFA,844,3
pooka-testcases.jar,Ltestcases/TC_EventListenerList_Set,SENECA,0-1-CFA,752,3
pooka-testcases.jar,Ltestcases/TC_EventListenerList_Array,SENECA,0-1-CFA,733,3
pooka-testcases.jar,Ltestcases/TC_LexerPage_Simple,SENECA,0-1-CFA,604,3
pooka-testcases.jar,Ltestcases/TC_InputStreamSource_Set,SENECA,0-1-CFA,528,3
pooka-testcases.jar,Ltestcases/TC_LexerPage_Map,SENECA,0-1-CFA,523,3
pooka-testcases.jar,Ltestcases/TC_InputStreamSource_List,SENECA,0-1-CFA,564,3
pooka-testcases.jar,Ltestcases/TC_RecipientType_Map,SENECA,0-1-CFA,670,3
pooka-testcases.jar,Ltestcases/TC_RecipientType2_Array,SENECA,0-1-CFA,715,3
pooka-testcases.jar,Ltestcases/TC_RecipientType_Set,SENECA,0-1-CFA,795,3
pooka-testcases.jar,Ltestcases/TC_RecipientType2_Simple,SENECA,0-1-CFA,754,3
pooka-testcases.jar,Ltestcases/TC_EventListenerList_Simple,SENECA,0-1-CFA,595,3
pooka-testcases.jar,Ltestcases/TC_LexerPage_List,SENECA,0-1-CFA,492,3
pooka-testcases.jar,Ltestcases/TC_RecipientType_Simple,SENECA,0-1-CFA,594,3
pooka-testcases.jar,Ltestcases/TC_LexerPage_Array,SENECA,0-1-CFA,861,3
pooka-testcases.jar,Ltestcases/TC_InputStreamSource_Simple,SENECA,0-1-CFA,876,3
pooka-testcases.jar,Ltestcases/TC_EventListenerList_List,SENECA,0-1-CFA,895,3
pooka-testcases.jar,Ltestcases/TC_InputStreamSource_Map,SENECA,0-1-CFA,564,3
pooka-testcases.jar,Ltestcases/TC_EventListenerList_Map,SENECA,0-1-CFA,531,3
pooka-testcases.jar,Ltestcases/TC_TreeItem_Simple,SENECA,0-1-CFA,585,3
pooka-testcases.jar,Ltestcases/TC_RecipientType_Array,SENECA,0-1-CFA,624,3
pooka-testcases.jar,Ltestcases/TC_RecipientType_List,SENECA,0-1-CFA,837,3
pooka-testcases.jar,Ltestcases/TC_InputStreamSource_Array,SENECA,0-1-CFA,746,3
pooka-testcases.jar,Ltestcases/TC_TreeItem_List,SENECA,0-1-CFA,511,3
pooka-testcases.jar,Ltestcases/TC_RecipientType2_Map,SENECA,0-1-CFA,497,3
pooka-testcases.jar,Ltestcases/TC_RecipientType2_Set,SENECA,0-1-CFA,758,3
pooka-testcases.jar,Ltestcases/TC_TreeItem_Map,SENECA,0-1-CFA,880,3
pooka-testcases.jar,Ltestcases/TC_TreeItem_Array,SENECA,0-1-CFA,680,3
pooka-testcases.jar,Ltestcases/TC_LexerPage_Set,SENECA,0-1-CFA,505,3
pooka-testcases.jar,Ltestcases/TC_RecipientType2_List,SENECA,0-1-CFA,623,3
pooka-testcases.jar,Ltestcases/TC_TreeItem_Set,SENECA,1-CFA,970,3
pooka-testcases.jar,Ltestcases/TC_EventListenerList_Set,SENECA,1-CFA,873,3
pooka-testcases.jar,Ltestcases/TC_EventListenerList_Array,SENECA,1-CFA,672,3
pooka-testcases.jar,Ltestcases/TC_LexerPage_Simple,SENECA,1-CFA,634,3
pooka-testcases.jar,Ltestcases/TC_InputStreamSource_Set,SENECA,1-CFA,763,3
pooka-testcases.jar,Ltestcases/TC_LexerPage_Map,SENECA,1-CFA,777,3
pooka-testcases.jar,Ltestcases/TC_InputStreamSource_List,SENECA,1-CFA,720,3
pooka-testcases.jar,Ltestcases/TC_RecipientType_Map,SENECA,1-CFA,736,3
pooka-testcases.jar,Ltestcases/TC_RecipientType2_Array,SENECA,1-CFA,609,3
pooka-testcases.jar,Ltestcases/TC_RecipientType_Set,SENECA,1-CFA,822,3
pooka-testcases.jar,Ltestcases/TC_RecipientType2_Simple,SENECA,1-CFA,569,3
pooka-testcases.jar,Ltestcases/TC_EventListenerList_Simple,SENECA,1-CFA,711,3
pooka-testcases.jar,Ltestcases/TC_LexerPage_List,SENECA,1-CFA,716,3
pooka-testcases.jar,Ltestcases/TC_RecipientType_Simple,SENECA,1-CFA,593,3
pooka-testcases.jar,Ltestcases/TC_LexerPage_Array,SENECA,1-CFA,688,3
pooka-testcases.jar,Ltestcases/TC_InputStreamSource_Simple,SENECA,1-CFA,730,4
pooka-testcases.jar,Ltestcases/TC_EventListenerList_List,SENECA,1-CFA,752,3
pooka-testcases.jar,Ltestcases/TC_InputStreamSource_Map,SENECA,1-CFA,755,3
pooka-testcases.jar,Ltestcases/TC_EventListenerList_Map,SENECA,1-CFA,749,3
pooka-testcases.jar,Ltestcases/TC_TreeItem_Simple,SENECA,1-CFA,599,3
pooka-testcases.jar,Ltestcases/TC_RecipientType_Array,SENECA,1-CFA,599,3
pooka-testcases.jar,Ltestcases/TC_RecipientType_List,SENECA,1-CFA,747,3
pooka-testcases.jar,Ltestcases/TC_InputStreamSource_Array,SENECA,1-CFA,639,3
pooka-testcases.jar,Ltestcases/TC_TreeItem_List,SENECA,1-CFA,779,3
pooka-testcases.jar,Ltestcases/TC_RecipientType2_Map,SENECA,1-CFA,726,3
pooka-testcases.jar,Ltestcases/TC_RecipientType2_Set,SENECA,1-CFA,719,3
pooka-testcases.jar,Ltestcases/TC_TreeItem_Map,SENECA,1-CFA,752,3
pooka-testcases.jar,Ltestcases/TC_TreeItem_Array,SENECA,1-CFA,575,3
pooka-testcases.jar,Ltestcases/TC_LexerPage_Set,SENECA,1-CFA,739,3
pooka-testcases.jar,Ltestcases/TC_RecipientType2_List,SENECA,1-CFA,724,3
pooka-testcases.jar,Ltestcases/TC_TreeItem_Set,SALSA,0-1-CFA,297,3
pooka-testcases.jar,Ltestcases/TC_EventListenerList_Set,SALSA,0-1-CFA,317,3
pooka-testcases.jar,Ltestcases/TC_EventListenerList_Array,SALSA,0-1-CFA,96,2
pooka-testcases.jar,Ltestcases/TC_LexerPage_Simple,SALSA,0-1-CFA,270,3
pooka-testcases.jar,Ltestcases/TC_InputStreamSource_Set,SALSA,0-1-CFA,333,3
pooka-testcases.jar,Ltestcases/TC_LexerPage_Map,SALSA,0-1-CFA,257,3
pooka-testcases.jar,Ltestcases/TC_InputStreamSource_List,SALSA,0-1-CFA,285,3
pooka-testcases.jar,Ltestcases/TC_RecipientType_Map,SALSA,0-1-CFA,162,3
pooka-testcases.jar,Ltestcases/TC_RecipientType2_Array,SALSA,0-1-CFA,108,2
pooka-testcases.jar,Ltestcases/TC_RecipientType_Set,SALSA,0-1-CFA,255,3
pooka-testcases.jar,Ltestcases/TC_RecipientType2_Simple,SALSA,0-1-CFA,76,2
pooka-testcases.jar,Ltestcases/TC_EventListenerList_Simple,SALSA,0-1-CFA,177,3
pooka-testcases.jar,Ltestcases/TC_LexerPage_List,SALSA,0-1-CFA,307,3
pooka-testcases.jar,Ltestcases/TC_RecipientType_Simple,SALSA,0-1-CFA,62,2
pooka-testcases.jar,Ltestcases/TC_LexerPage_Array,SALSA,0-1-CFA,269,2
pooka-testcases.jar,Ltestcases/TC_InputStreamSource_Simple,SALSA,0-1-CFA,180,3
pooka-testcases.jar,Ltestcases/TC_EventListenerList_List,SALSA,0-1-CFA,152,3
pooka-testcases.jar,Ltestcases/TC_InputStreamSource_Map,SALSA,0-1-CFA,231,3
pooka-testcases.jar,Ltestcases/TC_EventListenerList_Map,SALSA,0-1-CFA,125,3
pooka-testcases.jar,Ltestcases/TC_TreeItem_Simple,SALSA,0-1-CFA,188,3
pooka-testcases.jar,Ltestcases/TC_RecipientType_Array,SALSA,0-1-CFA,143,2
pooka-testcases.jar,Ltestcases/TC_RecipientType_List,SALSA,0-1-CFA,149,3
pooka-testcases.jar,Ltestcases/TC_InputStreamSource_Array,SALSA,0-1-CFA,163,2
pooka-testcases.jar,Ltestcases/TC_TreeItem_List,SALSA,0-1-CFA,216,3
pooka-testcases.jar,Ltestcases/TC_RecipientType2_Map,SALSA,0-1-CFA,149,3
pooka-testcases.jar,Ltestcases/TC_RecipientType2_Set,SALSA,0-1-CFA,310,3
pooka-testcases.jar,Ltestcases/TC_TreeItem_Map,SALSA,0-1-CFA,177,3
pooka-testcases.jar,Ltestcases/TC_TreeItem_Array,SALSA,0-1-CFA,122,2
pooka-testcases.jar,Ltestcases/TC_LexerPage_Set,SALSA,0-1-CFA,351,3
pooka-testcases.jar,Ltestcases/TC_RecipientType2_List,SALSA,0-1-CFA,156,3
pooka-testcases.jar,Ltestcases/TC_TreeItem_Set,SALSA,1-CFA,267,2
pooka-testcases.jar,Ltestcases/TC_EventListenerList_Set,SALSA,1-CFA,185,2
pooka-testcases.jar,Ltestcases/TC_EventListenerList_Array,SALSA,1-CFA,141,3
pooka-testcases.jar,Ltestcases/TC_LexerPage_Simple,SALSA,1-CFA,416,3
pooka-testcases.jar,Ltestcases/TC_InputStreamSource_Set,SALSA,1-CFA,256,2
pooka-testcases.jar,Ltestcases/TC_LexerPage_Map,SALSA,1-CFA,471,3
pooka-testcases.jar,Ltestcases/TC_InputStreamSource_List,SALSA,1-CFA,306,3
pooka-testcases.jar,Ltestcases/TC_RecipientType_Map,SALSA,1-CFA,360,3
pooka-testcases.jar,Ltestcases/TC_RecipientType2_Array,SALSA,1-CFA,182,3
pooka-testcases.jar,Ltestcases/TC_RecipientType_Set,SALSA,1-CFA,161,2
pooka-testcases.jar,Ltestcases/TC_RecipientType2_Simple,SALSA,1-CFA,176,2
pooka-testcases.jar,Ltestcases/TC_EventListenerList_Simple,SALSA,1-CFA,152,2
pooka-testcases.jar,Ltestcases/TC_LexerPage_List,SALSA,1-CFA,385,3
pooka-testcases.jar,Ltestcases/TC_RecipientType_Simple,SALSA,1-CFA,197,3
pooka-testcases.jar,Ltestcases/TC_LexerPage_Array,SALSA,1-CFA,258,3
pooka-testcases.jar,Ltestcases/TC_InputStreamSource_Simple,SALSA,1-CFA,189,2
pooka-testcases.jar,Ltestcases/TC_EventListenerList_List,SALSA,1-CFA,290,3
pooka-testcases.jar,Ltestcases/TC_InputStreamSource_Map,SALSA,1-CFA,298,3
pooka-testcases.jar,Ltestcases/TC_EventListenerList_Map,SALSA,1-CFA,303,3
pooka-testcases.jar,Ltestcases/TC_TreeItem_Simple,SALSA,1-CFA,206,2
pooka-testcases.jar,Ltestcases/TC_RecipientType_Array,SALSA,1-CFA,171,3
pooka-testcases.jar,Ltestcases/TC_RecipientType_List,SALSA,1-CFA,287,3
pooka-testcases.jar,Ltestcases/TC_InputStreamSource_Array,SALSA,1-CFA,220,3
pooka-testcases.jar,Ltestcases/TC_TreeItem_List,SALSA,1-CFA,265,3
pooka-testcases.jar,Ltestcases/TC_RecipientType2_Map,SALSA,1-CFA,369,3
pooka-testcases.jar,Ltestcases/TC_RecipientType2_Set,SALSA,1-CFA,194,2
pooka-testcases.jar,Ltestcases/TC_TreeItem_Map,SALSA,1-CFA,271,3
pooka-testcases.jar,Ltestcases/TC_TreeItem_Array,SALSA,1-CFA,198,3
pooka-testcases.jar,Ltestcases/TC_LexerPage_Set,SALSA,1-CFA,275,2
pooka-testcases.jar,Ltestcases/TC_RecipientType2_List,SALSA,1-CFA,371,3
pooka-testcases.jar,Ltestcases/TC_TreeItem_Set,WALA,0-1-CFA,330,0
pooka-testcases.jar,Ltestcases/TC_EventListenerList_Set,WALA,0-1-CFA,325,0
pooka-testcases.jar,Ltestcases/TC_EventListenerList_Array,WALA,0-1-CFA,124,0
pooka-testcases.jar,Ltestcases/TC_LexerPage_Simple,WALA,0-1-CFA,481,0
pooka-testcases.jar,Ltestcases/TC_InputStreamSource_Set,WALA,0-1-CFA,134,0
pooka-testcases.jar,Ltestcases/TC_LexerPage_Map,WALA,0-1-CFA,471,0
pooka-testcases.jar,Ltestcases/TC_InputStreamSource_List,WALA,0-1-CFA,142,0
pooka-testcases.jar,Ltestcases/TC_RecipientType_Map,WALA,0-1-CFA,308,0
pooka-testcases.jar,Ltestcases/TC_RecipientType2_Array,WALA,0-1-CFA,108,0
pooka-testcases.jar,Ltestcases/TC_RecipientType_Set,WALA,0-1-CFA,302,0
pooka-testcases.jar,Ltestcases/TC_RecipientType2_Simple,WALA,0-1-CFA,134,0
pooka-testcases.jar,Ltestcases/TC_EventListenerList_Simple,WALA,0-1-CFA,327,0
pooka-testcases.jar,Ltestcases/TC_LexerPage_List,WALA,0-1-CFA,194,0
pooka-testcases.jar,Ltestcases/TC_RecipientType_Simple,WALA,0-1-CFA,293,0
pooka-testcases.jar,Ltestcases/TC_LexerPage_Array,WALA,0-1-CFA,189,0
pooka-testcases.jar,Ltestcases/TC_InputStreamSource_Simple,WALA,0-1-CFA,341,0
pooka-testcases.jar,Ltestcases/TC_EventListenerList_List,WALA,0-1-CFA,117,0
pooka-testcases.jar,Ltestcases/TC_InputStreamSource_Map,WALA,0-1-CFA,328,0
pooka-testcases.jar,Ltestcases/TC_EventListenerList_Map,WALA,0-1-CFA,110,0
pooka-testcases.jar,Ltestcases/TC_TreeItem_Simple,WALA,0-1-CFA,303,0
pooka-testcases.jar,Ltestcases/TC_RecipientType_Array,WALA,0-1-CFA,124,0
pooka-testcases.jar,Ltestcases/TC_RecipientType_List,WALA,0-1-CFA,272,0
pooka-testcases.jar,Ltestcases/TC_InputStreamSource_Array,WALA,0-1-CFA,139,0
pooka-testcases.jar,Ltestcases/TC_TreeItem_List,WALA,0-1-CFA,263,0
pooka-testcases.jar,Ltestcases/TC_RecipientType2_Map,WALA,0-1-CFA,151,0
pooka-testcases.jar,Ltestcases/TC_RecipientType2_Set,WALA,0-1-CFA,259,0
pooka-testcases.jar,Ltestcases/TC_TreeItem_Map,WALA,0-1-CFA,184,0
pooka-testcases.jar,Ltestcases/TC_TreeItem_Array,WALA,0-1-CFA,249,0
pooka-testcases.jar,Ltestcases/TC_LexerPage_Set,WALA,0-1-CFA,257,0
pooka-testcases.jar,Ltestcases/TC_RecipientType2_List,WALA,0-1-CFA,251,0
pooka-testcases.jar,Ltestcases/TC_TreeItem_Set,WALA,1-CFA,538,0
pooka-testcases.jar,Ltestcases/TC_EventListenerList_Set,WALA,1-CFA,529,0
pooka-testcases.jar,Ltestcases/TC_EventListenerList_Array,WALA,1-CFA,522,0
pooka-testcases.jar,Ltestcases/TC_LexerPage_Simple,WALA,1-CFA,746,0
pooka-testcases.jar,Ltestcases/TC_InputStreamSource_Set,WALA,1-CFA,577,0
pooka-testcases.jar,Ltestcases/TC_LexerPage_Map,WALA,1-CFA,676,0
pooka-testcases.jar,Ltestcases/TC_InputStreamSource_List,WALA,1-CFA,538,0
pooka-testcases.jar,Ltestcases/TC_RecipientType_Map,WALA,1-CFA,518,0
pooka-testcases.jar,Ltestcases/TC_RecipientType2_Array,WALA,1-CFA,476,0
pooka-testcases.jar,Ltestcases/TC_RecipientType_Set,WALA,1-CFA,463,0
pooka-testcases.jar,Ltestcases/TC_RecipientType2_Simple,WALA,1-CFA,473,0
pooka-testcases.jar,Ltestcases/TC_EventListenerList_Simple,WALA,1-CFA,515,0
pooka-testcases.jar,Ltestcases/TC_LexerPage_List,WALA,1-CFA,481,0
pooka-testcases.jar,Ltestcases/TC_RecipientType_Simple,WALA,1-CFA,236,0
pooka-testcases.jar,Ltestcases/TC_LexerPage_Array,WALA,1-CFA,327,0
pooka-testcases.jar,Ltestcases/TC_InputStreamSource_Simple,WALA,1-CFA,270,0
pooka-testcases.jar,Ltestcases/TC_EventListenerList_List,WALA,1-CFA,236,0
pooka-testcases.jar,Ltestcases/TC_InputStreamSource_Map,WALA,1-CFA,236,0
pooka-testcases.jar,Ltestcases/TC_EventListenerList_Map,WALA,1-CFA,239,0
pooka-testcases.jar,Ltestcases/TC_TreeItem_Simple,WALA,1-CFA,279,0
pooka-testcases.jar,Ltestcases/TC_RecipientType_Array,WALA,1-CFA,249,0
pooka-testcases.jar,Ltestcases/TC_RecipientType_List,WALA,1-CFA,218,0
pooka-testcases.jar,Ltestcases/TC_InputStreamSource_Array,WALA,1-CFA,237,0
pooka-testcases.jar,Ltestcases/TC_TreeItem_List,WALA,1-CFA,196,0
pooka-testcases.jar,Ltestcases/TC_RecipientType2_Map,WALA,1-CFA,198,0
pooka-testcases.jar,Ltestcases/TC_RecipientType2_Set,WALA,1-CFA,266,0
pooka-testcases.jar,Ltestcases/TC_TreeItem_Map,WALA,1-CFA,240,0
pooka-testcases.jar,Ltestcases/TC_TreeItem_Array,WALA,1-CFA,229,0
pooka-testcases.jar,Ltestcases/TC_LexerPage_Set,WALA,1-CFA,362,0
pooka-testcases.jar,Ltestcases/TC_RecipientType2_List,WALA,1-CFA,222,0
xalan-testcases.jar,Ltestcases/TC_Stylesheet_Simple,SENECA,0-1-CFA,2126,3
xalan-testcases.jar,Ltestcases/TC_ElemForEach_Map,SENECA,0-1-CFA,1117,3
xalan-testcases.jar,Ltestcases/TC_ElemForEach_Simple,SENECA,0-1-CFA,1797,3
xalan-testcases.jar,Ltestcases/TC_Stylesheet_Array,SENECA,0-1-CFA,1610,3
xalan-testcases.jar,Ltestcases/TC_TemplatesImpl_Simple,SENECA,0-1-CFA,1298,3
xalan-testcases.jar,Ltestcases/TC_Stylesheet_List,SENECA,0-1-CFA,1277,3
xalan-testcases.jar,Ltestcases/TC_ElemForEach_Set,SENECA,0-1-CFA,1704,3
xalan-testcases.jar,Ltestcases/TC_UnionPathIterator_List,SENECA,0-1-CFA,1774,3
xalan-testcases.jar,Ltestcases/TC_TemplatesImpl_Set,SENECA,0-1-CFA,1354,3
xalan-testcases.jar,Ltestcases/TC_UnionPathIterator_Simple,SENECA,0-1-CFA,1763,3
xalan-testcases.jar,Ltestcases/TC_UnionPathIterator_Map,SENECA,0-1-CFA,1563,3
xalan-testcases.jar,Ltestcases/TC_Stylesheet_Set,SENECA,0-1-CFA,1136,3
xalan-testcases.jar,Ltestcases/TC_XSLTProcessorApplet_Set,SENECA,0-1-CFA,1273,3
xalan-testcases.jar,Ltestcases/TC_TemplatesImpl_Map,SENECA,0-1-CFA,1800,3
xalan-testcases.jar,Ltestcases/TC_TemplatesImpl_Array,SENECA,0-1-CFA,1277,3
xalan-testcases.jar,Ltestcases/TC_Stylesheet_Map,SENECA,0-1-CFA,955,3
xalan-testcases.jar,Ltestcases/TC_XSLTProcessorApplet_Array,SENECA,0-1-CFA,1446,3
xalan-testcases.jar,Ltestcases/TC_UnionPathIterator_Set,SENECA,0-1-CFA,1429,3
xalan-testcases.jar,Ltestcases/TC_ElemForEach_Array,SENECA,0-1-CFA,974,3
xalan-testcases.jar,Ltestcases/TC_ElemForEach_List,SENECA,0-1-CFA,992,3
xalan-testcases.jar,Ltestcases/TC_XSLTProcessorApplet_List,SENECA,0-1-CFA,1549,3
xalan-testcases.jar,Ltestcases/TC_XSLTProcessorApplet_Map,SENECA,0-1-CFA,1385,3
xalan-testcases.jar,Ltestcases/TC_XSLTProcessorApplet_Simple,SENECA,0-1-CFA,1043,3
xalan-testcases.jar,Ltestcases/TC_TemplatesImpl_List,SENECA,0-1-CFA,1507,3
xalan-testcases.jar,Ltestcases/TC_UnionPathIterator_Array,SENECA,0-1-CFA,1497,3
xalan-testcases.jar,Ltestcases/TC_Stylesheet_Simple,SENECA,1-CFA,1373,3
xalan-testcases.jar,Ltestcases/TC_ElemForEach_Map,SENECA,1-CFA,886,3
xalan-testcases.jar,Ltestcases/TC_ElemForEach_Simple,SENECA,1-CFA,659,3
xalan-testcases.jar,Ltestcases/TC_Stylesheet_Array,SENECA,1-CFA,1122,3
xalan-testcases.jar,Ltestcases/TC_TemplatesImpl_Simple,SENECA,1-CFA,1009,3
xalan-testcases.jar,Ltestcases/TC_Stylesheet_List,SENECA,1-CFA,720,3
xalan-testcases.jar,Ltestcases/TC_ElemForEach_Set,SENECA,1-CFA,1204,3
xalan-testcases.jar,Ltestcases/TC_UnionPathIterator_List,SENECA,1-CFA,1237,3
xalan-testcases.jar,Ltestcases/TC_TemplatesImpl_Set,SENECA,1-CFA,899,3
xalan-testcases.jar,Ltestcases/TC_UnionPathIterator_Simple,SENECA,1-CFA,1044,3
xalan-testcases.jar,Ltestcases/TC_UnionPathIterator_Map,SENECA,1-CFA,1141,3
xalan-testcases.jar,Ltestcases/TC_Stylesheet_Set,SENECA,1-CFA,1136,3
xalan-testcases.jar,Ltestcases/TC_XSLTProcessorApplet_Set,SENECA,1-CFA,1212,3
xalan-testcases.jar,Ltestcases/TC_TemplatesImpl_Map,SENECA,1-CFA,1021,3
xalan-testcases.jar,Ltestcases/TC_TemplatesImpl_Array,SENECA,1-CFA,1053,3
xalan-testcases.jar,Ltestcases/TC_Stylesheet_Map,SENECA,1-CFA,1192,3
xalan-testcases.jar,Ltestcases/TC_XSLTProcessorApplet_Array,SENECA,1-CFA,1067,3
xalan-testcases.jar,Ltestcases/TC_UnionPathIterator_Set,SENECA,1-CFA,1233,3
xalan-testcases.jar,Ltestcases/TC_ElemForEach_Array,SENECA,1-CFA,1059,3
xalan-testcases.jar,Ltestcases/TC_ElemForEach_List,SENECA,1-CFA,1201,3
xalan-testcases.jar,Ltestcases/TC_XSLTProcessorApplet_List,SENECA,1-CFA,1164,3
xalan-testcases.jar,Ltestcases/TC_XSLTProcessorApplet_Map,SENECA,1-CFA,1252,3
xalan-testcases.jar,Ltestcases/TC_XSLTProcessorApplet_Simple,SENECA,1-CFA,1068,3
xalan-testcases.jar,Ltestcases/TC_TemplatesImpl_List,SENECA,1-CFA,1336,3
xalan-testcases.jar,Ltestcases/TC_UnionPathIterator_Array,SENECA,1-CFA,1331,3
xalan-testcases.jar,Ltestcases/TC_Stylesheet_Simple,SALSA,0-1-CFA,365,3
xalan-testcases.jar,Ltestcases/TC_ElemForEach_Map,SALSA,0-1-CFA,273,3
xalan-testcases.jar,Ltestcases/TC_ElemForEach_Simple,SALSA,0-1-CFA,178,2
xalan-testcases.jar,Ltestcases/TC_Stylesheet_Array,SALSA,0-1-CFA,86,2
xalan-testcases.jar,Ltestcases/TC_TemplatesImpl_Simple,SALSA,0-1-CFA,399,3
xalan-testcases.jar,Ltestcases/TC_Stylesheet_List,SALSA,0-1-CFA,214,3
xalan-testcases.jar,Ltestcases/TC_ElemForEach_Set,SALSA,0-1-CFA,198,3
xalan-testcases.jar,Ltestcases/TC_UnionPathIterator_List,SALSA,0-1-CFA,326,3
xalan-testcases.jar,Ltestcases/TC_TemplatesImpl_Set,SALSA,0-1-CFA,128,3
xalan-testcases.jar,Ltestcases/TC_UnionPathIterator_Simple,SALSA,0-1-CFA,159,2
xalan-testcases.jar,Ltestcases/TC_UnionPathIterator_Map,SALSA,0-1-CFA,210,3
xalan-testcases.jar,Ltestcases/TC_Stylesheet_Set,SALSA,0-1-CFA,124,3
xalan-testcases.jar,Ltestcases/TC_XSLTProcessorApplet_Set,SALSA,0-1-CFA,246,3
xalan-testcases.jar,Ltestcases/TC_TemplatesImpl_Map,SALSA,0-1-CFA,144,3
xalan-testcases.jar,Ltestcases/TC_TemplatesImpl_Array,SALSA,0-1-CFA,82,2
xalan-testcases.jar,Ltestcases/TC_Stylesheet_Map,SALSA,0-1-CFA,248,3
xalan-testcases.jar,Ltestcases/TC_XSLTProcessorApplet_Array,SALSA,0-1-CFA,65,2
xalan-testcases.jar,Ltestcases/TC_UnionPathIterator_Set,SALSA,0-1-CFA,189,3
xalan-testcases.jar,Ltestcases/TC_ElemForEach_Array,SALSA,0-1-CFA,223,2
xalan-testcases.jar,Ltestcases/TC_ElemForEach_List,SALSA,0-1-CFA,154,3
xalan-testcases.jar,Ltestcases/TC_XSLTProcessorApplet_List,SALSA,0-1-CFA,257,3
xalan-testcases.jar,Ltestcases/TC_XSLTProcessorApplet_Map,SALSA,0-1-CFA,161,3
xalan-testcases.jar,Ltestcases/TC_XSLTProcessorApplet_Simple,SALSA,0-1-CFA,98,2
xalan-testcases.jar,Ltestcases/TC_TemplatesImpl_List,SALSA,0-1-CFA,261,3
xalan-testcases.jar,Ltestcases/TC_UnionPathIterator_Array,SALSA,0-1-CFA,83,2
xalan-testcases.jar,Ltestcases/TC_Stylesheet_Simple,SALSA,1-CFA,213,2
xalan-testcases.jar,Ltestcases/TC_ElemForEach_Map,SALSA,1-CFA,254,3
xalan-testcases.jar,Ltestcases/TC_ElemForEach_Simple,SALSA,1-CFA,191,2
xalan-testcases.jar,Ltestcases/TC_Stylesheet_Array,SALSA,1-CFA,168,3
xalan-testcases.jar,Ltestcases/TC_TemplatesImpl_Simple,SALSA,1-CFA,178,2
xalan-testcases.jar,Ltestcases/TC_Stylesheet_List,SALSA,1-CFA,275,3
xalan-testcases.jar,Ltestcases/TC_ElemForEach_Set,SALSA,1-CFA,246,2
xalan-testcases.jar,Ltestcases/TC_UnionPathIterator_List,SALSA,1-CFA,305,3
xalan-testcases.jar,Ltestcases/TC_TemplatesImpl_Set,SALSA,1-CFA,203,2
xalan-testcases.jar,Ltestcases/TC_UnionPathIterator_Simple,SALSA,1-CFA,178,2
xalan-testcases.jar,Ltestcases/TC_UnionPathIterator_Map,SALSA,1-CFA,270,3
xalan-testcases.jar,Ltestcases/TC_Stylesheet_Set,SALSA,1-CFA,190,2
xalan-testcases.jar,Ltestcases/TC_XSLTProcessorApplet_Set,SALSA,1-CFA,146,2
xalan-testcases.jar,Ltestcases/TC_TemplatesImpl_Map,SALSA,1-CFA,339,3
xalan-testcases.jar,Ltestcases/TC_TemplatesImpl_Array,SALSA,1-CFA,199,3
xalan-testcases.jar,Ltestcases/TC_Stylesheet_Map,SALSA,1-CFA,270,3
xalan-testcases.jar,Ltestcases/TC_XSLTProcessorApplet_Array,SALSA,1-CFA,186,3
xalan-testcases.jar,Ltestcases/TC_UnionPathIterator_Set,SALSA,1-CFA,131,2
xalan-testcases.jar,Ltestcases/TC_ElemForEach_Array,SALSA,1-CFA,197,3
xalan-testcases.jar,Ltestcases/TC_ElemForEach_List,SALSA,1-CFA,299,3
xalan-testcases.jar,Ltestcases/TC_XSLTProcessorApplet_List,SALSA,1-CFA,291,3
xalan-testcases.jar,Ltestcases/TC_XSLTProcessorApplet_Map,SALSA,1-CFA,295,3
xalan-testcases.jar,Ltestcases/TC_XSLTProcessorApplet_Simple,SALSA,1-CFA,179,2
xalan-testcases.jar,Ltestcases/TC_TemplatesImpl_List,SALSA,1-CFA,265,3
xalan-testcases.jar,Ltestcases/TC_UnionPathIterator_Array,SALSA,1-CFA,224,3
xalan-testcases.jar,Ltestcases/TC_Stylesheet_Simple,WALA,0-1-CFA,386,0
xalan-testcases.jar,Ltestcases/TC_ElemForEach_Map,WALA,0-1-CFA,127,0
xalan-testcases.jar,Ltestcases/TC_ElemForEach_Simple,WALA,0-1-CFA,292,0
xalan-testcases.jar,Ltestcases/TC_Stylesheet_Array,WALA,0-1-CFA,121,0
xalan-testcases.jar,Ltestcases/TC_TemplatesImpl_Simple,WALA,0-1-CFA,272,0
xalan-testcases.jar,Ltestcases/TC_Stylesheet_List,WALA,0-1-CFA,141,0
xalan-testcases.jar,Ltestcases/TC_ElemForEach_Set,WALA,0-1-CFA,288,0
xalan-testcases.jar,Ltestcases/TC_UnionPathIterator_List,WALA,0-1-CFA,160,0
xalan-testcases.jar,Ltestcases/TC_TemplatesImpl_Set,WALA,0-1-CFA,230,0
xalan-testcases.jar,Ltestcases/TC_UnionPathIterator_Simple,WALA,0-1-CFA,213,0
xalan-testcases.jar,Ltestcases/TC_UnionPathIterator_Map,WALA,0-1-CFA,306,0
xalan-testcases.jar,Ltestcases/TC_Stylesheet_Set,WALA,0-1-CFA,225,0
xalan-testcases.jar,Ltestcases/TC_XSLTProcessorApplet_Set,WALA,0-1-CFA,273,0
xalan-testcases.jar,Ltestcases/TC_TemplatesImpl_Map,WALA,0-1-CFA,253,0
xalan-testcases.jar,Ltestcases/TC_TemplatesImpl_Array,WALA,0-1-CFA,235,0
xalan-testcases.jar,Ltestcases/TC_Stylesheet_Map,WALA,0-1-CFA,222,0
xalan-testcases.jar,Ltestcases/TC_XSLTProcessorApplet_Array,WALA,0-1-CFA,185,0
xalan-testcases.jar,Ltestcases/TC_UnionPathIterator_Set,WALA,0-1-CFA,290,0
xalan-testcases.jar,Ltestcases/TC_ElemForEach_Array,WALA,0-1-CFA,145,0
xalan-testcases.jar,Ltestcases/TC_ElemForEach_List,WALA,0-1-CFA,271,0
xalan-testcases.jar,Ltestcases/TC_XSLTProcessorApplet_List,WALA,0-1-CFA,124,0
xalan-testcases.jar,Ltestcases/TC_XSLTProcessorApplet_Map,WALA,0-1-CFA,285,0
xalan-testcases.jar,Ltestcases/TC_XSLTProcessorApplet_Simple,WALA,0-1-CFA,129,0
xalan-testcases.jar,Ltestcases/TC_TemplatesImpl_List,WALA,0-1-CFA,279,0
xalan-testcases.jar,Ltestcases/TC_UnionPathIterator_Array,WALA,0-1-CFA,106,0
xalan-testcases.jar,Ltestcases/TC_Stylesheet_Simple,WALA,1-CFA,481,0
xalan-testcases.jar,Ltestcases/TC_ElemForEach_Map,WALA,1-CFA,455,0
xalan-testcases.jar,Ltestcases/TC_ElemForEach_Simple,WALA,1-CFA,510,0
xalan-testcases.jar,Ltestcases/TC_Stylesheet_Array,WALA,1-CFA,435,0
xalan-testcases.jar,Ltestcases/TC_TemplatesImpl_Simple,WALA,1-CFA,469,0
xalan-testcases.jar,Ltestcases/TC_Stylesheet_List,WALA,1-CFA,420,0
xalan-testcases.jar,Ltestcases/TC_ElemForEach_Set,WALA,1-CFA,451,0
xalan-testcases.jar,Ltestcases/TC_UnionPathIterator_List,WALA,1-CFA,484,0
xalan-testcases.jar,Ltestcases/TC_TemplatesImpl_Set,WALA,1-CFA,551,0
xalan-testcases.jar,Ltestcases/TC_UnionPathIterator_Simple,WALA,1-CFA,629,0
xalan-testcases.jar,Ltestcases/TC_UnionPathIterator_Map,WALA,1-CFA,578,0
xalan-testcases.jar,Ltestcases/TC_Stylesheet_Set,WALA,1-CFA,587,0
xalan-testcases.jar,Ltestcases/TC_XSLTProcessorApplet_Set,WALA,1-CFA,580,0
xalan-testcases.jar,Ltestcases/TC_TemplatesImpl_Map,WALA,1-CFA,592,0
xalan-testcases.jar,Ltestcases/TC_TemplatesImpl_Array,WALA,1-CFA,524,0
xalan-testcases.jar,Ltestcases/TC_Stylesheet_Map,WALA,1-CFA,587,0
xalan-testcases.jar,Ltestcases/TC_XSLTProcessorApplet_Array,WALA,1-CFA,534,0
xalan-testcases.jar,Ltestcases/TC_UnionPathIterator_Set,WALA,1-CFA,525,0
xalan-testcases.jar,Ltestcases/TC_ElemForEach_Array,WALA,1-CFA,460,0
xalan-testcases.jar,Ltestcases/TC_ElemForEach_List,WALA,1-CFA,463,0
xalan-testcases.jar,Ltestcases/TC_XSLTProcessorApplet_List,WALA,1-CFA,513,0
xalan-testcases.jar,Ltestcases/TC_XSLTProcessorApplet_Map,WALA,1-CFA,554,0
xalan-testcases.jar,Ltestcases/TC_XSLTProcessorApplet_Simple,WALA,1-CFA,456,0
xalan-testcases.jar,Ltestcases/TC_TemplatesImpl_List,WALA,1-CFA,432,0
xalan-testcases.jar,Ltestcases/TC_UnionPathIterator_Array,WALA,1-CFA,429,0
xerces-testcases.jar,Ltestcases/TC_CoreDocumentImpl_List,SENECA,0-1-CFA,4795,3
xerces-testcases.jar,Ltestcases/TC_CoreDocumentImpl_Map,SENECA,0-1-CFA,5643,3
xerces-testcases.jar,Ltestcases/TC_CoreDocumentImpl_Simple,SENECA,0-1-CFA,4986,3
xerces-testcases.jar,Ltestcases/TC_CoreDocumentImpl_Set,SENECA,0-1-CFA,4548,3
xerces-testcases.jar,Ltestcases/TC_CoreDocumentImpl_Array,SENECA,0-1-CFA,4531,3
xerces-testcases.jar,Ltestcases/TC_CoreDocumentImpl_List,SENECA,1-CFA,3359,3
xerces-testcases.jar,Ltestcases/TC_CoreDocumentImpl_Map,SENECA,1-CFA,3162,3
xerces-testcases.jar,Ltestcases/TC_CoreDocumentImpl_Simple,SENECA,1-CFA,2596,3
xerces-testcases.jar,Ltestcases/TC_CoreDocumentImpl_Set,SENECA,1-CFA,2285,3
xerces-testcases.jar,Ltestcases/TC_CoreDocumentImpl_Array,SENECA,1-CFA,2065,3
xerces-testcases.jar,Ltestcases/TC_CoreDocumentImpl_List,SALSA,0-1-CFA,320,3
xerces-testcases.jar,Ltestcases/TC_CoreDocumentImpl_Map,SALSA,0-1-CFA,127,3
xerces-testcases.jar,Ltestcases/TC_CoreDocumentImpl_Simple,SALSA,0-1-CFA,163,3
xerces-testcases.jar,Ltestcases/TC_CoreDocumentImpl_Set,SALSA,0-1-CFA,133,3
xerces-testcases.jar,Ltestcases/TC_CoreDocumentImpl_Array,SALSA,0-1-CFA,68,2
xerces-testcases.jar,Ltestcases/TC_CoreDocumentImpl_List,SALSA,1-CFA,282,3
xerces-testcases.jar,Ltestcases/TC_CoreDocumentImpl_Map,SALSA,1-CFA,146,3
xerces-testcases.jar,Ltestcases/TC_CoreDocumentImpl_Simple,SALSA,1-CFA,87,2
xerces-testcases.jar,Ltestcases/TC_CoreDocumentImpl_Set,SALSA,1-CFA,78,2
xerces-testcases.jar,Ltestcases/TC_CoreDocumentImpl_Array,SALSA,1-CFA,84,3
xerces-testcases.jar,Ltestcases/TC_CoreDocumentImpl_List,WALA,0-1-CFA,286,0
xerces-testcases.jar,Ltestcases/TC_CoreDocumentImpl_Map,WALA,0-1-CFA,281,0
xerces-testcases.jar,Ltestcases/TC_CoreDocumentImpl_Simple,WALA,0-1-CFA,158,0
xerces-testcases.jar,Ltestcases/TC_CoreDocumentImpl_Set,WALA,0-1-CFA,279,0
xerces-testcases.jar,Ltestcases/TC_CoreDocumentImpl_Array,WALA,0-1-CFA,180,0
xerces-testcases.jar,Ltestcases/TC_CoreDocumentImpl_List,WALA,1-CFA,427,0
xerces-testcases.jar,Ltestcases/TC_CoreDocumentImpl_Map,WALA,1-CFA,231,0
xerces-testcases.jar,Ltestcases/TC_CoreDocumentImpl_Simple,WALA,1-CFA,239,0
xerces-testcases.jar,Ltestcases/TC_CoreDocumentImpl_Set,WALA,1-CFA,238,0
xerces-testcases.jar,Ltestcases/TC_CoreDocumentImpl_Array,WALA,1-CFA,208,0