Project,TC,Approach,Policy,# Correct,# Missed,# java.io. Missed,# <clinit> Missed,#Excluded missing edges,# Actual (minus java.io.*/<clinit>/excluded),Missed relevant nodes,# Missing relevant nodes (in RCG not in SCG)
batik,TC_PadMode_Set,WALA,0-1-CFA,0,0,0,0,0,0,,0
batik,TC_TextNode_Anchor_List,WALA,0-1-CFA,0,0,0,0,0,0,,0
batik,TC_TextNode_Anchor_Map,SALSA,1-CFA,0,0,0,0,0,0,,0
batik,TC_CompositeRule_List,SENECA,0-1-CFA,0,0,0,0,0,0,,0
batik,TC_ARGBChannel_Simple,SENECA,0-1-CFA,0,0,0,0,0,0,,0
batik,TC_AbstractDocument_Set,SENECA,1-CFA,0,0,0,0,0,0,,0
batik,TC_CompositeRule_Map,SENECA,1-CFA,0,0,0,0,0,0,,0
batik,TC_ARGBChannel_Simple,SENECA,1-CFA,0,0,0,0,0,0,,0
batik,TC_PadMode_Map,SENECA,1-CFA,0,0,0,0,0,0,,0
batik,TC_CompositeRule_List,SENECA,1-CFA,0,0,0,0,0,0,,0
batik,TC_TextNode_Anchor_Simple,WALA,1-CFA,0,0,0,0,0,0,,0
batik,TC_ARGBChannel_Array,SALSA,1-CFA,0,0,0,0,0,0,,0
batik,TC_CompositeRule_Set,WALA,0-1-CFA,0,0,0,0,0,0,,0
batik,TC_CompositeRule_Array,WALA,0-1-CFA,0,0,0,0,0,0,,0
batik,TC_TextNode_Anchor_List,WALA,1-CFA,0,0,0,0,0,0,,0
batik,TC_TextNode_Anchor_Map,SENECA,1-CFA,0,0,0,0,0,0,,0
batik,TC_AbstractDocument_Set,WALA,1-CFA,0,0,0,0,0,0,,0
batik,TC_TextNode_Anchor_Map,SALSA,0-1-CFA,0,0,0,0,0,0,,0
batik,TC_ARGBChannel_Set,SENECA,0-1-CFA,0,0,0,0,0,0,,0
batik,TC_PadMode_Simple,SENECA,0-1-CFA,0,0,0,0,0,0,,0
batik,TC_PadMode_Map,WALA,1-CFA,0,0,0,0,0,0,,0
batik,TC_CompositeRule_List,WALA,0-1-CFA,0,0,0,0,0,0,,0
batik,TC_PadMode_Simple,SALSA,0-1-CFA,0,0,0,0,0,0,,0
batik,TC_ARGBChannel_Simple,WALA,0-1-CFA,0,0,0,0,0,0,,0
batik,TC_AbstractDocument_List,WALA,1-CFA,0,0,0,0,0,0,,0
batik,TC_TextNode_Anchor_Simple,SALSA,0-1-CFA,0,0,0,0,0,0,,0
batik,TC_TextNode_Anchor_List,SENECA,1-CFA,0,0,0,0,0,0,,0
batik,TC_TextNode_Anchor_Map,SENECA,0-1-CFA,0,0,0,0,0,0,,0
batik,TC_AbstractDocument_Set,WALA,0-1-CFA,0,0,0,0,0,0,,0
batik,TC_AbstractDocument_List,SALSA,0-1-CFA,0,0,0,0,0,0,,0
batik,TC_ARGBChannel_List,WALA,0-1-CFA,0,0,0,0,0,0,,0
batik,TC_PadMode_Map,SENECA,0-1-CFA,0,0,0,0,0,0,,0
batik,TC_CompositeRule_Simple,SALSA,1-CFA,0,0,0,0,0,0,,0
batik,TC_AbstractDocument_Simple,SENECA,1-CFA,0,0,0,0,0,0,,0
batik,TC_AbstractDocument_Array,WALA,1-CFA,0,0,0,0,0,0,,0
batik,TC_PadMode_List,SALSA,1-CFA,0,0,0,0,0,0,,0
batik,TC_PadMode_Simple,WALA,0-1-CFA,0,0,0,0,0,0,,0
batik,TC_CompositeRule_Set,SALSA,0-1-CFA,0,0,0,0,0,0,,0
batik,TC_CompositeRule_Set,WALA,1-CFA,0,0,0,0,0,0,,0
batik,TC_AbstractDocument_Map,SALSA,0-1-CFA,0,0,0,0,0,0,,0
batik,TC_TextNode_Anchor_Array,SENECA,1-CFA,0,0,0,0,0,0,,0
batik,TC_CompositeRule_Set,SENECA,0-1-CFA,0,0,0,0,0,0,,0
batik,TC_AbstractDocument_Map,SENECA,0-1-CFA,0,0,0,0,0,0,,0
batik,TC_PadMode_List,SALSA,0-1-CFA,0,0,0,0,0,0,,0
batik,TC_TextNode_Anchor_Array,SALSA,1-CFA,0,0,0,0,0,0,,0
batik,TC_TextNode_Anchor_Map,WALA,1-CFA,0,0,0,0,0,0,,0
batik,TC_ARGBChannel_Set,SALSA,0-1-CFA,0,0,0,0,0,0,,0
batik,TC_PadMode_Map,SALSA,0-1-CFA,0,0,0,0,0,0,,0
batik,TC_TextNode_Anchor_Array,SENECA,0-1-CFA,0,0,0,0,0,0,,0
batik,TC_AbstractDocument_Simple,WALA,0-1-CFA,0,0,0,0,0,0,,0
batik,TC_ARGBChannel_Set,SENECA,1-CFA,0,0,0,0,0,0,,0
batik,TC_PadMode_List,SENECA,1-CFA,0,0,0,0,0,0,,0
batik,TC_TextNode_Anchor_Set,WALA,0-1-CFA,0,0,0,0,0,0,,0
batik,TC_ARGBChannel_Map,WALA,0-1-CFA,0,0,0,0,0,0,,0
batik,TC_PadMode_Array,SALSA,1-CFA,0,0,0,0,0,0,,0
batik,TC_AbstractDocument_Simple,SENECA,0-1-CFA,0,0,0,0,0,0,,0
batik,TC_ARGBChannel_Array,SENECA,1-CFA,0,0,0,0,0,0,,0
batik,TC_CompositeRule_Simple,SENECA,0-1-CFA,0,0,0,0,0,0,,0
batik,TC_PadMode_Simple,SALSA,1-CFA,0,0,0,0,0,0,,0
batik,TC_CompositeRule_Simple,SALSA,0-1-CFA,0,0,0,0,0,0,,0
batik,TC_AbstractDocument_List,WALA,0-1-CFA,0,0,0,0,0,0,,0
batik,TC_CompositeRule_Map,SALSA,1-CFA,0,0,0,0,0,0,,0
batik,TC_ARGBChannel_Set,SALSA,1-CFA,0,0,0,0,0,0,,0
batik,TC_PadMode_Array,SENECA,1-CFA,0,0,0,0,0,0,,0
batik,TC_AbstractDocument_Map,SALSA,1-CFA,0,0,0,0,0,0,,0
batik,TC_CompositeRule_List,SALSA,1-CFA,0,0,0,0,0,0,,0
batik,TC_PadMode_Set,SALSA,1-CFA,0,0,0,0,0,0,,0
batik,TC_AbstractDocument_Array,SALSA,0-1-CFA,0,0,0,0,0,0,,0
batik,TC_ARGBChannel_Simple,SALSA,1-CFA,0,0,0,0,0,0,,0
batik,TC_ARGBChannel_Set,WALA,1-CFA,0,0,0,0,0,0,,0
batik,TC_PadMode_List,WALA,1-CFA,0,0,0,0,0,0,,0
batik,TC_CompositeRule_Map,SALSA,0-1-CFA,0,0,0,0,0,0,,0
batik,TC_CompositeRule_Map,WALA,1-CFA,0,0,0,0,0,0,,0
batik,TC_AbstractDocument_Set,SALSA,0-1-CFA,0,0,0,0,0,0,,0
batik,TC_CompositeRule_Array,SENECA,0-1-CFA,0,0,0,0,0,0,,0
batik,TC_ARGBChannel_List,SALSA,0-1-CFA,0,0,0,0,0,0,,0
batik,TC_AbstractDocument_Array,SENECA,0-1-CFA,0,0,0,0,0,0,,0
batik,TC_AbstractDocument_Simple,WALA,1-CFA,0,0,0,0,0,0,,0
batik,TC_PadMode_Set,SENECA,0-1-CFA,0,0,0,0,0,0,,0
batik,TC_TextNode_Anchor_List,SALSA,1-CFA,0,0,0,0,0,0,,0
batik,TC_PadMode_Simple,SENECA,1-CFA,0,0,0,0,0,0,,0
batik,TC_PadMode_Set,SALSA,0-1-CFA,0,0,0,0,0,0,,0
batik,TC_CompositeRule_Array,SALSA,0-1-CFA,0,0,0,0,0,0,,0
batik,TC_ARGBChannel_Map,SALSA,0-1-CFA,0,0,0,0,0,0,,0
batik,TC_ARGBChannel_List,SENECA,1-CFA,0,0,0,0,0,0,,0
batik,TC_TextNode_Anchor_Array,WALA,0-1-CFA,0,0,0,0,0,0,,0
batik,TC_TextNode_Anchor_Set,WALA,1-CFA,0,0,0,0,0,0,,0
batik,TC_ARGBChannel_List,SALSA,1-CFA,0,0,0,0,0,0,,0
batik,TC_AbstractDocument_Set,SENECA,0-1-CFA,0,0,0,0,0,0,,0
batik,TC_CompositeRule_Map,SENECA,0-1-CFA,0,0,0,0,0,0,,0
batik,TC_TextNode_Anchor_List,SENECA,0-1-CFA,0,0,0,0,0,0,,0
batik,TC_ARGBChannel_Set,WALA,0-1-CFA,0,0,0,0,0,0,,0
batik,TC_TextNode_Anchor_Map,WALA,0-1-CFA,0,0,0,0,0,0,,0
batik,TC_TextNode_Anchor_Simple,SENECA,1-CFA,0,0,0,0,0,0,,0
batik,TC_AbstractDocument_Array,WALA,0-1-CFA,0,0,0,0,0,0,,0
batik,TC_AbstractDocument_List,SENECA,1-CFA,0,0,0,0,0,0,,0
batik,TC_CompositeRule_Array,SENECA,1-CFA,0,0,0,0,0,0,,0
batik,TC_ARGBChannel_Map,SENECA,1-CFA,0,0,0,0,0,0,,0
batik,TC_ARGBChannel_Map,WALA,1-CFA,0,0,0,0,0,0,,0
batik,TC_PadMode_Map,SALSA,1-CFA,0,0,0,0,0,0,,0
batik,TC_CompositeRule_Array,SALSA,1-CFA,0,0,0,0,0,0,,0
batik,TC_PadMode_List,SENECA,0-1-CFA,0,0,0,0,0,0,,0
batik,TC_TextNode_Anchor_Simple,SALSA,1-CFA,0,0,0,0,0,0,,0
batik,TC_AbstractDocument_Set,SALSA,1-CFA,0,0,0,0,0,0,,0
batik,TC_ARGBChannel_Map,SALSA,1-CFA,0,0,0,0,0,0,,0
batik,TC_TextNode_Anchor_List,SALSA,0-1-CFA,0,0,0,0,0,0,,0
batik,TC_CompositeRule_List,SALSA,0-1-CFA,0,0,0,0,0,0,,0
batik,TC_CompositeRule_Set,SALSA,1-CFA,0,0,0,0,0,0,,0
batik,TC_AbstractDocument_List,SALSA,1-CFA,0,0,0,0,0,0,,0
batik,TC_ARGBChannel_Simple,SALSA,0-1-CFA,0,0,0,0,0,0,,0
batik,TC_ARGBChannel_Array,WALA,0-1-CFA,0,0,0,0,0,0,,0
batik,TC_AbstractDocument_List,SENECA,0-1-CFA,0,0,0,0,0,0,,0
batik,TC_AbstractDocument_Simple,SALSA,1-CFA,0,0,0,0,0,0,,0
batik,TC_PadMode_Set,SENECA,1-CFA,0,0,0,0,0,0,,0
batik,TC_AbstractDocument_Map,SENECA,1-CFA,0,0,0,0,0,0,,0
batik,TC_CompositeRule_Set,SENECA,1-CFA,0,0,0,0,0,0,,0
batik,TC_TextNode_Anchor_Simple,SENECA,0-1-CFA,0,0,0,0,0,0,,0
batik,TC_ARGBChannel_Simple,WALA,1-CFA,0,0,0,0,0,0,,0
batik,TC_CompositeRule_List,WALA,1-CFA,0,0,0,0,0,0,,0
batik,TC_TextNode_Anchor_Set,SALSA,1-CFA,0,0,0,0,0,0,,0
batik,TC_CompositeRule_Simple,WALA,0-1-CFA,0,0,0,0,0,0,,0
batik,TC_PadMode_Map,WALA,0-1-CFA,0,0,0,0,0,0,,0
batik,TC_TextNode_Anchor_Set,SENECA,1-CFA,0,0,0,0,0,0,,0
batik,TC_PadMode_Simple,WALA,1-CFA,0,0,0,0,0,0,,0
batik,TC_TextNode_Anchor_Array,WALA,1-CFA,0,0,0,0,0,0,,0
batik,TC_CompositeRule_Simple,WALA,1-CFA,0,0,0,0,0,0,,0
batik,TC_CompositeRule_Map,WALA,0-1-CFA,0,0,0,0,0,0,,0
batik,TC_TextNode_Anchor_Array,SALSA,0-1-CFA,0,0,0,0,0,0,,0
batik,TC_AbstractDocument_Array,SENECA,1-CFA,0,0,0,0,0,0,,0
batik,TC_PadMode_Array,SENECA,0-1-CFA,0,0,0,0,0,0,,0
batik,TC_ARGBChannel_Array,WALA,1-CFA,0,0,0,0,0,0,,0
batik,TC_ARGBChannel_Array,SALSA,0-1-CFA,0,0,0,0,0,0,,0
batik,TC_TextNode_Anchor_Simple,WALA,0-1-CFA,0,0,0,0,0,0,,0
batik,TC_PadMode_Set,WALA,1-CFA,0,0,0,0,0,0,,0
batik,TC_CompositeRule_Array,WALA,1-CFA,0,0,0,0,0,0,,0
batik,TC_AbstractDocument_Simple,SALSA,0-1-CFA,0,0,0,0,0,0,,0
batik,TC_PadMode_List,WALA,0-1-CFA,0,0,0,0,0,0,,0
batik,TC_ARGBChannel_Map,SENECA,0-1-CFA,0,0,0,0,0,0,,0
batik,TC_AbstractDocument_Map,WALA,1-CFA,0,0,0,0,0,0,,0
batik,TC_TextNode_Anchor_Set,SALSA,0-1-CFA,0,0,0,0,0,0,,0
batik,TC_ARGBChannel_List,WALA,1-CFA,0,0,0,0,0,0,,0
batik,TC_AbstractDocument_Map,WALA,0-1-CFA,0,0,0,0,0,0,,0
batik,TC_PadMode_Array,WALA,1-CFA,0,0,0,0,0,0,,0
batik,TC_TextNode_Anchor_Set,SENECA,0-1-CFA,0,0,0,0,0,0,,0
batik,TC_AbstractDocument_Array,SALSA,1-CFA,0,0,0,0,0,0,,0
batik,TC_PadMode_Array,SALSA,0-1-CFA,0,0,0,0,0,0,,0
batik,TC_ARGBChannel_List,SENECA,0-1-CFA,0,0,0,0,0,0,,0
batik,TC_ARGBChannel_Array,SENECA,0-1-CFA,0,0,0,0,0,0,,0
batik,TC_CompositeRule_Simple,SENECA,1-CFA,0,0,0,0,0,0,,0
batik,TC_PadMode_Array,WALA,0-1-CFA,0,0,0,0,0,0,,0
castor,TC_FieldTypeCollectionType_Map,SENECA,0-1-CFA,0,0,0,0,0,0,,0
castor,TC_EventListenerList_Array,SENECA,0-1-CFA,0,0,0,0,0,0,,0
castor,TC_AccessMode_Array,SALSA,0-1-CFA,0,0,0,0,0,0,,0
castor,TC_FieldTypeCollectionType_Set,WALA,0-1-CFA,0,0,0,0,0,0,,0
castor,TC_AccessMode_Map,SALSA,0-1-CFA,0,0,0,0,0,0,,0
castor,TC_VisibilityType_List,SALSA,1-CFA,0,0,0,0,0,0,,0
castor,TC_FieldMappingCollectionType_List,WALA,0-1-CFA,0,0,0,0,0,0,,0
castor,TC_ClassMappingAccessType_Simple,SENECA,1-CFA,0,0,0,0,0,0,,0
castor,TC_BindXmlNodeType_List,SALSA,1-CFA,0,0,0,0,0,0,,0
castor,TC_AccessMode_List,SENECA,1-CFA,0,0,0,0,0,0,,0
castor,TC_BindXmlNodeType_Set,SALSA,1-CFA,0,0,0,0,0,0,,0
castor,TC_FieldMappingCollectionType_Map,SENECA,1-CFA,0,0,0,0,0,0,,0
castor,TC_FieldTypeVisibilityType_Set,SENECA,0-1-CFA,0,0,0,0,0,0,,0
castor,TC_TableAccessModeType_List,SALSA,1-CFA,0,0,0,0,0,0,,0
castor,TC_BindXmlAutoNamingType_List,SALSA,1-CFA,0,0,0,0,0,0,,0
castor,TC_EventListenerList_Array,WALA,0-1-CFA,0,0,0,0,0,0,,0
castor,TC_BindXmlAutoNamingType_List,SALSA,0-1-CFA,0,0,0,0,0,0,,0
castor,TC_FieldTypeVisibilityType_Map,WALA,0-1-CFA,0,0,0,0,0,0,,0
castor,TC_VisibilityType_Array,SALSA,1-CFA,0,0,0,0,0,0,,0
castor,TC_VisibilityType_Simple,WALA,0-1-CFA,0,0,0,0,0,0,,0
castor,TC_SqlDirtyType_List,WALA,0-1-CFA,0,0,0,0,0,0,,0
castor,TC_AccessMode_Map,SENECA,0-1-CFA,0,0,0,0,0,0,,0
castor,TC_BindXmlNodeType_Array,WALA,0-1-CFA,0,0,0,0,0,0,,0
castor,TC_BindXmlAutoNamingType_Simple,SENECA,1-CFA,0,0,0,0,0,0,,0
castor,TC_AccessMode_Array,SALSA,1-CFA,0,0,0,0,0,0,,0
castor,TC_VisibilityType_Set,SALSA,1-CFA,0,0,0,0,0,0,,0
castor,TC_BindingType_Simple,SALSA,0-1-CFA,0,0,0,0,0,0,,0
castor,TC_FieldTypeCollectionType_Simple,WALA,1-CFA,0,0,0,0,0,0,,0
castor,TC_ClassMappingAccessType_Set,WALA,0-1-CFA,0,0,0,0,0,0,,0
castor,TC_TableAccessModeType_Map,SALSA,1-CFA,0,0,0,0,0,0,,0
castor,TC_AccessMode_List,WALA,1-CFA,0,0,0,0,0,0,,0
castor,TC_VisibilityType_List,SENECA,1-CFA,0,0,0,0,0,0,,0
castor,TC_SqlDirtyType_Array,WALA,0-1-CFA,0,0,0,0,0,0,,0
castor,TC_EventListenerList_Simple,WALA,1-CFA,0,0,0,0,0,0,,0
castor,TC_AccessMode_Array,SENECA,1-CFA,0,0,0,0,0,0,,0
castor,TC_BindXmlNodeType_Set,SENECA,1-CFA,0,0,0,0,0,0,,0
castor,TC_ClassMappingAccessType_Map,WALA,1-CFA,0,0,0,0,0,0,,0
castor,TC_EventListenerList_Simple,SALSA,0-1-CFA,0,0,0,0,0,0,,0
castor,TC_ClassMappingAccessType_Simple,SALSA,0-1-CFA,0,0,0,0,0,0,,0
castor,TC_VisibilityType_Map,SALSA,0-1-CFA,0,0,0,0,0,0,,0
castor,TC_BindXmlNodeType_Simple,SALSA,0-1-CFA,0,0,0,0,0,0,,0
castor,TC_BindXmlAutoNamingType_Array,SENECA,1-CFA,0,0,0,0,0,0,,0
castor,TC_FieldMappingCollectionType_Set,WALA,1-CFA,0,0,0,0,0,0,,0
castor,TC_ClassMappingAccessType_Array,SENECA,1-CFA,0,0,0,0,0,0,,0
castor,TC_AccessMode_List,SALSA,1-CFA,0,0,0,0,0,0,,0
castor,TC_TableAccessModeType_Array,SALSA,1-CFA,0,0,0,0,0,0,,0
castor,TC_FieldTypeCollectionType_List,WALA,1-CFA,0,0,0,0,0,0,,0
castor,TC_VisibilityType_Array,SENECA,0-1-CFA,0,0,0,0,0,0,,0
castor,TC_FieldTypeVisibilityType_Map,SALSA,1-CFA,0,0,0,0,0,0,,0
castor,TC_BindXmlNodeType_Set,SALSA,0-1-CFA,0,0,0,0,0,0,,0
castor,TC_BindXmlNodeType_Simple,WALA,1-CFA,0,0,0,0,0,0,,0
castor,TC_VisibilityType_List,SALSA,0-1-CFA,0,0,0,0,0,0,,0
castor,TC_BindingType2_Array,WALA,1-CFA,0,0,0,0,0,0,,0
castor,TC_FieldMappingCollectionType_List,SENECA,0-1-CFA,0,0,0,0,0,0,,0
castor,TC_ClassMappingAccessType_Array,SALSA,0-1-CFA,0,0,0,0,0,0,,0
castor,TC_BindXmlAutoNamingType_Simple,SALSA,0-1-CFA,0,0,0,0,0,0,,0
castor,TC_EventListenerList_Array,SENECA,1-CFA,0,0,0,0,0,0,,0
castor,TC_BindingType_Array,WALA,0-1-CFA,0,0,0,0,0,0,,0
castor,TC_ClassMappingAccessType_Simple,SENECA,0-1-CFA,0,0,0,0,0,0,,0
castor,TC_SqlDirtyType_Set,SALSA,0-1-CFA,0,0,0,0,0,0,,0
castor,TC_EventListenerList_List,SALSA,1-CFA,0,0,0,0,0,0,,0
castor,TC_BindXmlNodeType_List,SENECA,0-1-CFA,0,0,0,0,0,0,,0
castor,TC_BindingType2_Set,SALSA,0-1-CFA,0,0,0,0,0,0,,0
castor,TC_FieldTypeCollectionType_List,WALA,0-1-CFA,0,0,0,0,0,0,,0
castor,TC_FieldTypeCollectionType_Set,SALSA,1-CFA,0,0,0,0,0,0,,0
castor,TC_AccessMode_Simple,WALA,0-1-CFA,0,0,0,0,0,0,,0
castor,TC_BindXmlAutoNamingType_Set,SALSA,1-CFA,0,0,0,0,0,0,,0
castor,TC_BindingType2_List,WALA,1-CFA,0,0,0,0,0,0,,0
castor,TC_ClassMappingAccessType_Map,SALSA,1-CFA,0,0,0,0,0,0,,0
castor,TC_BindXmlAutoNamingType_Map,SALSA,0-1-CFA,0,0,0,0,0,0,,0
castor,TC_EventListenerList_Simple,WALA,0-1-CFA,0,0,0,0,0,0,,0
castor,TC_ClassMappingAccessType_Map,SALSA,0-1-CFA,0,0,0,0,0,0,,0
castor,TC_BindingType2_List,SALSA,0-1-CFA,0,0,0,0,0,0,,0
castor,TC_BindingType2_Set,SENECA,1-CFA,0,0,0,0,0,0,,0
castor,TC_SqlDirtyType_Array,SENECA,0-1-CFA,0,0,0,0,0,0,,0
castor,TC_VisibilityType_List,SENECA,0-1-CFA,0,0,0,0,0,0,,0
castor,TC_SqlDirtyType_Set,SENECA,1-CFA,0,0,0,0,0,0,,0
castor,TC_BindXmlNodeType_Set,SENECA,0-1-CFA,0,0,0,0,0,0,,0
castor,TC_BindingType2_List,SENECA,0-1-CFA,0,0,0,0,0,0,,0
castor,TC_EventListenerList_Set,SALSA,0-1-CFA,0,0,0,0,0,0,,0
castor,TC_EventListenerList_List,SENECA,1-CFA,0,0,0,0,0,0,,0
castor,TC_BindXmlNodeType_List,SALSA,0-1-CFA,0,0,0,0,0,0,,0
castor,TC_ClassMappingAccessType_Simple,WALA,0-1-CFA,0,0,0,0,0,0,,0
castor,TC_FieldTypeVisibilityType_Simple,WALA,1-CFA,0,0,0,0,0,0,,0
castor,TC_AccessMode_Set,WALA,1-CFA,0,0,0,0,0,0,,0
castor,TC_FieldTypeCollectionType_Set,SALSA,0-1-CFA,0,0,0,0,0,0,,0
castor,TC_SqlDirtyType_Set,SALSA,1-CFA,0,0,0,0,0,0,,0
castor,TC_ClassMappingAccessType_List,WALA,1-CFA,0,0,0,0,0,0,,0
castor,TC_SqlDirtyType_Array,SENECA,1-CFA,0,0,0,0,0,0,,0
castor,TC_AccessMode_List,SALSA,0-1-CFA,0,0,0,0,0,0,,0
castor,TC_BindingType2_Set,SALSA,1-CFA,0,0,0,0,0,0,,0
castor,TC_BindingType_Set,SENECA,0-1-CFA,0,0,0,0,0,0,,0
castor,TC_VisibilityType_Array,SALSA,0-1-CFA,0,0,0,0,0,0,,0
castor,TC_EventListenerList_Set,WALA,1-CFA,0,0,0,0,0,0,,0
castor,TC_BindXmlAutoNamingType_List,WALA,1-CFA,0,0,0,0,0,0,,0
castor,TC_TableAccessModeType_Map,SALSA,0-1-CFA,0,0,0,0,0,0,,0
castor,TC_EventListenerList_Simple,SENECA,1-CFA,0,0,0,0,0,0,,0
castor,TC_FieldTypeVisibilityType_Map,SALSA,0-1-CFA,0,0,0,0,0,0,,0
castor,TC_FieldTypeCollectionType_Map,SENECA,1-CFA,0,0,0,0,0,0,,0
castor,TC_VisibilityType_Set,WALA,0-1-CFA,0,0,0,0,0,0,,0
castor,TC_BindXmlAutoNamingType_Set,SENECA,0-1-CFA,0,0,0,0,0,0,,0
castor,TC_ClassMappingAccessType_Array,SALSA,1-CFA,0,0,0,0,0,0,,0
castor,TC_BindingType_Set,SALSA,0-1-CFA,0,0,0,0,0,0,,0
castor,TC_ClassMappingAccessType_List,WALA,0-1-CFA,0,0,0,0,0,0,,0
castor,TC_AccessMode_List,SENECA,0-1-CFA,0,0,0,0,0,0,,0
castor,TC_FieldTypeVisibilityType_Array,SALSA,0-1-CFA,0,0,0,0,0,0,,0
castor,TC_FieldMappingCollectionType_Set,WALA,0-1-CFA,0,0,0,0,0,0,,0
castor,TC_BindXmlNodeType_Array,SALSA,0-1-CFA,0,0,0,0,0,0,,0
castor,TC_AccessMode_Map,SALSA,1-CFA,0,0,0,0,0,0,,0
castor,TC_FieldMappingCollectionType_Set,SALSA,0-1-CFA,0,0,0,0,0,0,,0
castor,TC_FieldTypeCollectionType_Array,WALA,0-1-CFA,0,0,0,0,0,0,,0
castor,TC_EventListenerList_Simple,SENECA,0-1-CFA,0,0,0,0,0,0,,0
castor,TC_VisibilityType_Simple,SALSA,0-1-CFA,0,0,0,0,0,0,,0
castor,TC_FieldMappingCollectionType_Simple,WALA,1-CFA,0,0,0,0,0,0,,0
castor,TC_SqlDirtyType_Array,SALSA,1-CFA,0,0,0,0,0,0,,0
castor,TC_FieldTypeVisibilityType_Set,SENECA,1-CFA,0,0,0,0,0,0,,0
castor,TC_VisibilityType_Simple,WALA,1-CFA,0,0,0,0,0,0,,0
castor,TC_FieldTypeCollectionType_Simple,SALSA,0-1-CFA,0,0,0,0,0,0,,0
castor,TC_FieldTypeCollectionType_Simple,WALA,0-1-CFA,0,0,0,0,0,0,,0
castor,TC_SqlDirtyType_List,SENECA,0-1-CFA,0,0,0,0,0,0,,0
castor,TC_BindXmlNodeType_Array,WALA,1-CFA,0,0,0,0,0,0,,0
castor,TC_FieldMappingCollectionType_Map,SALSA,1-CFA,0,0,0,0,0,0,,0
castor,TC_FieldTypeVisibilityType_Simple,SENECA,0-1-CFA,0,0,0,0,0,0,,0
castor,TC_BindXmlAutoNamingType_Simple,SALSA,1-CFA,0,0,0,0,0,0,,0
castor,TC_TableAccessModeType_Array,SENECA,0-1-CFA,0,0,0,0,0,0,,0
castor,TC_BindingType2_Simple,WALA,0-1-CFA,0,0,0,0,0,0,,0
castor,TC_SqlDirtyType_Map,WALA,0-1-CFA,0,0,0,0,0,0,,0
castor,TC_SqlDirtyType_Set,WALA,1-CFA,0,0,0,0,0,0,,0
castor,TC_BindingType2_Map,WALA,0-1-CFA,0,0,0,0,0,0,,0
castor,TC_BindingType2_Set,WALA,1-CFA,0,0,0,0,0,0,,0
castor,TC_BindingType2_Array,SALSA,0-1-CFA,0,0,0,0,0,0,,0
castor,TC_BindXmlAutoNamingType_List,SENECA,0-1-CFA,0,0,0,0,0,0,,0
castor,TC_BindXmlAutoNamingType_List,SENECA,1-CFA,0,0,0,0,0,0,,0
castor,TC_SqlDirtyType_List,WALA,1-CFA,0,0,0,0,0,0,,0
castor,TC_BindingType_List,WALA,0-1-CFA,0,0,0,0,0,0,,0
castor,TC_SqlDirtyType_List,SALSA,0-1-CFA,0,0,0,0,0,0,,0
castor,TC_EventListenerList_List,SENECA,0-1-CFA,0,0,0,0,0,0,,0
castor,TC_BindingType2_Set,SENECA,0-1-CFA,0,0,0,0,0,0,,0
castor,TC_TableAccessModeType_Set,SENECA,1-CFA,0,0,0,0,0,0,,0
castor,TC_FieldTypeVisibilityType_Array,SENECA,1-CFA,0,0,0,0,0,0,,0
castor,TC_SqlDirtyType_Set,SENECA,0-1-CFA,0,0,0,0,0,0,,0
castor,TC_FieldTypeCollectionType_Array,SENECA,0-1-CFA,0,0,0,0,0,0,,0
castor,TC_BindXmlAutoNamingType_Array,SENECA,0-1-CFA,0,0,0,0,0,0,,0
castor,TC_BindXmlNodeType_Set,WALA,1-CFA,0,0,0,0,0,0,,0
castor,TC_TableAccessModeType_Map,WALA,1-CFA,0,0,0,0,0,0,,0
castor,TC_FieldMappingCollectionType_Array,WALA,0-1-CFA,0,0,0,0,0,0,,0
castor,TC_VisibilityType_List,WALA,1-CFA,0,0,0,0,0,0,,0
castor,TC_TableAccessModeType_Simple,WALA,0-1-CFA,0,0,0,0,0,0,,0
castor,TC_BindXmlNodeType_Map,WALA,0-1-CFA,0,0,0,0,0,0,,0
castor,TC_BindingType_Set,WALA,1-CFA,0,0,0,0,0,0,,0
castor,TC_BindingType_Simple,WALA,1-CFA,0,0,0,0,0,0,,0
castor,TC_BindXmlAutoNamingType_Map,SENECA,1-CFA,0,0,0,0,0,0,,0
castor,TC_VisibilityType_Set,SENECA,1-CFA,0,0,0,0,0,0,,0
castor,TC_FieldMappingCollectionType_Simple,SENECA,1-CFA,0,0,0,0,0,0,,0
castor,TC_FieldMappingCollectionType_Set,SENECA,0-1-CFA,0,0,0,0,0,0,,0
castor,TC_ClassMappingAccessType_Array,SENECA,0-1-CFA,0,0,0,0,0,0,,0
castor,TC_BindingType_Set,SALSA,1-CFA,0,0,0,0,0,0,,0
castor,TC_AccessMode_Set,SENECA,1-CFA,0,0,0,0,0,0,,0
castor,TC_VisibilityType_Set,SENECA,0-1-CFA,0,0,0,0,0,0,,0
castor,TC_VisibilityType_Map,WALA,1-CFA,0,0,0,0,0,0,,0
castor,TC_BindXmlAutoNamingType_Map,WALA,1-CFA,0,0,0,0,0,0,,0
castor,TC_FieldTypeCollectionType_Simple,SENECA,0-1-CFA,0,0,0,0,0,0,,0
castor,TC_AccessMode_Simple,SENECA,0-1-CFA,0,0,0,0,0,0,,0
castor,TC_BindXmlAutoNamingType_Simple,SENECA,0-1-CFA,0,0,0,0,0,0,,0
castor,TC_ClassMappingAccessType_List,SALSA,1-CFA,0,0,0,0,0,0,,0
castor,TC_FieldTypeVisibilityType_Simple,WALA,0-1-CFA,0,0,0,0,0,0,,0
castor,TC_FieldTypeVisibilityType_Array,WALA,0-1-CFA,0,0,0,0,0,0,,0
castor,TC_AccessMode_Map,WALA,0-1-CFA,0,0,0,0,0,0,,0
castor,TC_FieldTypeCollectionType_Array,SALSA,0-1-CFA,0,0,0,0,0,0,,0
castor,TC_EventListenerList_Map,SENECA,1-CFA,0,0,0,0,0,0,,0
castor,TC_BindingType_Array,SENECA,0-1-CFA,0,0,0,0,0,0,,0
castor,TC_FieldTypeVisibilityType_Simple,SALSA,0-1-CFA,0,0,0,0,0,0,,0
castor,TC_ClassMappingAccessType_List,SALSA,0-1-CFA,0,0,0,0,0,0,,0
castor,TC_FieldTypeCollectionType_Array,SENECA,1-CFA,0,0,0,0,0,0,,0
castor,TC_TableAccessModeType_Set,SENECA,0-1-CFA,0,0,0,0,0,0,,0
castor,TC_ClassMappingAccessType_Map,SENECA,1-CFA,0,0,0,0,0,0,,0
castor,TC_ClassMappingAccessType_Map,SENECA,0-1-CFA,0,0,0,0,0,0,,0
castor,TC_BindingType_Array,WALA,1-CFA,0,0,0,0,0,0,,0
castor,TC_BindingType_Array,SALSA,0-1-CFA,0,0,0,0,0,0,,0
castor,TC_AccessMode_Array,SENECA,0-1-CFA,0,0,0,0,0,0,,0
castor,TC_SqlDirtyType_Simple,WALA,0-1-CFA,0,0,0,0,0,0,,0
castor,TC_BindingType2_List,WALA,0-1-CFA,0,0,0,0,0,0,,0
castor,TC_FieldTypeVisibilityType_Array,SENECA,0-1-CFA,0,0,0,0,0,0,,0
castor,TC_AccessMode_Simple,SALSA,0-1-CFA,0,0,0,0,0,0,,0
castor,TC_FieldTypeVisibilityType_Map,WALA,1-CFA,0,0,0,0,0,0,,0
castor,TC_AccessMode_Simple,WALA,1-CFA,0,0,0,0,0,0,,0
castor,TC_AccessMode_Array,WALA,1-CFA,0,0,0,0,0,0,,0
castor,TC_EventListenerList_Map,SALSA,1-CFA,0,0,0,0,0,0,,0
castor,TC_EventListenerList_Set,WALA,0-1-CFA,0,0,0,0,0,0,,0
castor,TC_BindingType_Map,WALA,0-1-CFA,0,0,0,0,0,0,,0
castor,TC_TableAccessModeType_Set,WALA,0-1-CFA,0,0,0,0,0,0,,0
castor,TC_BindXmlAutoNamingType_Map,WALA,0-1-CFA,0,0,0,0,0,0,,0
castor,TC_EventListenerList_List,WALA,0-1-CFA,0,0,0,0,0,0,,0
castor,TC_EventListenerList_Map,SENECA,0-1-CFA,0,0,0,0,0,0,,0
castor,TC_BindingType_Set,SENECA,1-CFA,0,0,0,0,0,0,,0
castor,TC_FieldTypeCollectionType_Set,WALA,1-CFA,0,0,0,0,0,0,,0
castor,TC_FieldMappingCollectionType_Array,SALSA,0-1-CFA,0,0,0,0,0,0,,0
castor,TC_EventListenerList_Array,SALSA,0-1-CFA,0,0,0,0,0,0,,0
castor,TC_AccessMode_Simple,SALSA,1-CFA,0,0,0,0,0,0,,0
castor,TC_BindingType_Simple,WALA,0-1-CFA,0,0,0,0,0,0,,0
castor,TC_TableAccessModeType_List,SENECA,0-1-CFA,0,0,0,0,0,0,,0
castor,TC_FieldMappingCollectionType_Set,SALSA,1-CFA,0,0,0,0,0,0,,0
castor,TC_FieldMappingCollectionType_List,SALSA,1-CFA,0,0,0,0,0,0,,0
castor,TC_BindingType_Array,SALSA,1-CFA,0,0,0,0,0,0,,0
castor,TC_SqlDirtyType_Simple,WALA,1-CFA,0,0,0,0,0,0,,0
castor,TC_BindXmlNodeType_Simple,SENECA,1-CFA,0,0,0,0,0,0,,0
castor,TC_FieldTypeVisibilityType_Map,SENECA,1-CFA,0,0,0,0,0,0,,0
castor,TC_VisibilityType_Array,WALA,0-1-CFA,0,0,0,0,0,0,,0
castor,TC_AccessMode_Set,SALSA,1-CFA,0,0,0,0,0,0,,0
castor,TC_FieldMappingCollectionType_Map,SALSA,0-1-CFA,0,0,0,0,0,0,,0
castor,TC_FieldTypeCollectionType_Array,SALSA,1-CFA,0,0,0,0,0,0,,0
castor,TC_ClassMappingAccessType_List,SENECA,0-1-CFA,0,0,0,0,0,0,,0
castor,TC_BindXmlNodeType_List,WALA,0-1-CFA,0,0,0,0,0,0,,0
castor,TC_FieldTypeCollectionType_Simple,SALSA,1-CFA,0,0,0,0,0,0,,0
castor,TC_FieldMappingCollectionType_Map,WALA,0-1-CFA,0,0,0,0,0,0,,0
castor,TC_SqlDirtyType_Array,SALSA,0-1-CFA,0,0,0,0,0,0,,0
castor,TC_BindXmlAutoNamingType_Map,SENECA,0-1-CFA,0,0,0,0,0,0,,0
castor,TC_FieldTypeCollectionType_List,SENECA,1-CFA,0,0,0,0,0,0,,0
castor,TC_BindingType_Map,SALSA,0-1-CFA,0,0,0,0,0,0,,0
castor,TC_FieldMappingCollectionType_Array,SENECA,0-1-CFA,0,0,0,0,0,0,,0
castor,TC_VisibilityType_Map,WALA,0-1-CFA,0,0,0,0,0,0,,0
castor,TC_FieldTypeCollectionType_Set,SENECA,1-CFA,0,0,0,0,0,0,,0
castor,TC_BindXmlAutoNamingType_Array,WALA,0-1-CFA,0,0,0,0,0,0,,0
castor,TC_TableAccessModeType_Set,WALA,1-CFA,0,0,0,0,0,0,,0
castor,TC_EventListenerList_List,WALA,1-CFA,0,0,0,0,0,0,,0
castor,TC_BindXmlNodeType_List,WALA,1-CFA,0,0,0,0,0,0,,0
castor,TC_BindingType2_Array,SALSA,1-CFA,0,0,0,0,0,0,,0
castor,TC_BindingType_List,SENECA,0-1-CFA,0,0,0,0,0,0,,0
castor,TC_BindXmlNodeType_Map,WALA,1-CFA,0,0,0,0,0,0,,0
castor,TC_SqlDirtyType_Map,SENECA,0-1-CFA,0,0,0,0,0,0,,0
castor,TC_BindingType2_Map,SENECA,0-1-CFA,0,0,0,0,0,0,,0
castor,TC_FieldTypeVisibilityType_Array,WALA,1-CFA,0,0,0,0,0,0,,0
castor,TC_FieldMappingCollectionType_Array,SENECA,1-CFA,0,0,0,0,0,0,,0
castor,TC_TableAccessModeType_Map,SENECA,1-CFA,0,0,0,0,0,0,,0
castor,TC_TableAccessModeType_Simple,WALA,1-CFA,0,0,0,0,0,0,,0
castor,TC_BindingType_List,WALA,1-CFA,0,0,0,0,0,0,,0
castor,TC_BindingType2_Set,WALA,0-1-CFA,0,0,0,0,0,0,,0
castor,TC_BindingType2_Map,WALA,1-CFA,0,0,0,0,0,0,,0
castor,TC_FieldMappingCollectionType_Simple,SALSA,1-CFA,0,0,0,0,0,0,,0
castor,TC_SqlDirtyType_Set,WALA,0-1-CFA,0,0,0,0,0,0,,0
castor,TC_VisibilityType_Array,WALA,1-CFA,0,0,0,0,0,0,,0
castor,TC_SqlDirtyType_Map,WALA,1-CFA,0,0,0,0,0,0,,0
castor,TC_BindXmlNodeType_Simple,SALSA,1-CFA,0,0,0,0,0,0,,0
castor,TC_EventListenerList_Set,SENECA,1-CFA,0,0,0,0,0,0,,0
castor,TC_FieldMappingCollectionType_Simple,SENECA,0-1-CFA,0,0,0,0,0,0,,0
castor,TC_SqlDirtyType_List,SALSA,1-CFA,0,0,0,0,0,0,,0
castor,TC_AccessMode_Set,WALA,0-1-CFA,0,0,0,0,0,0,,0
castor,TC_FieldTypeVisibilityType_Array,SALSA,1-CFA,0,0,0,0,0,0,,0
castor,TC_TableAccessModeType_Array,SENECA,1-CFA,0,0,0,0,0,0,,0
castor,TC_BindXmlAutoNamingType_Array,SALSA,0-1-CFA,0,0,0,0,0,0,,0
castor,TC_BindingType2_List,SENECA,1-CFA,0,0,0,0,0,0,,0
castor,TC_AccessMode_Map,SENECA,1-CFA,0,0,0,0,0,0,,0
castor,TC_VisibilityType_Map,SENECA,0-1-CFA,0,0,0,0,0,0,,0
castor,TC_VisibilityType_Set,WALA,1-CFA,0,0,0,0,0,0,,0
castor,TC_BindXmlAutoNamingType_Set,WALA,1-CFA,0,0,0,0,0,0,,0
castor,TC_BindingType_Simple,SENECA,1-CFA,0,0,0,0,0,0,,0
castor,TC_BindingType_Map,SALSA,1-CFA,0,0,0,0,0,0,,0
castor,TC_TableAccessModeType_Array,WALA,1-CFA,0,0,0,0,0,0,,0
castor,TC_EventListenerList_Array,SALSA,1-CFA,0,0,0,0,0,0,,0
castor,TC_FieldMappingCollectionType_Map,SENECA,0-1-CFA,0,0,0,0,0,0,,0
castor,TC_TableAccessModeType_Simple,SALSA,1-CFA,0,0,0,0,0,0,,0
castor,TC_VisibilityType_List,WALA,0-1-CFA,0,0,0,0,0,0,,0
castor,TC_FieldTypeVisibilityType_Simple,SALSA,1-CFA,0,0,0,0,0,0,,0
castor,TC_BindingType_Simple,SENECA,0-1-CFA,0,0,0,0,0,0,,0
castor,TC_BindXmlAutoNamingType_Set,SENECA,1-CFA,0,0,0,0,0,0,,0
castor,TC_TableAccessModeType_Simple,SALSA,0-1-CFA,0,0,0,0,0,0,,0
castor,TC_VisibilityType_Map,SENECA,1-CFA,0,0,0,0,0,0,,0
castor,TC_FieldMappingCollectionType_Simple,WALA,0-1-CFA,0,0,0,0,0,0,,0
castor,TC_EventListenerList_List,SALSA,0-1-CFA,0,0,0,0,0,0,,0
castor,TC_FieldMappingCollectionType_List,WALA,1-CFA,0,0,0,0,0,0,,0
castor,TC_BindXmlNodeType_Set,WALA,0-1-CFA,0,0,0,0,0,0,,0
castor,TC_BindingType_Map,WALA,1-CFA,0,0,0,0,0,0,,0
castor,TC_BindingType_Map,SENECA,1-CFA,0,0,0,0,0,0,,0
castor,TC_BindXmlAutoNamingType_Simple,WALA,0-1-CFA,0,0,0,0,0,0,,0
castor,TC_EventListenerList_Set,SENECA,0-1-CFA,0,0,0,0,0,0,,0
castor,TC_FieldTypeCollectionType_Map,WALA,1-CFA,0,0,0,0,0,0,,0
castor,TC_ClassMappingAccessType_Array,WALA,1-CFA,0,0,0,0,0,0,,0
castor,TC_BindXmlAutoNamingType_Set,WALA,0-1-CFA,0,0,0,0,0,0,,0
castor,TC_FieldTypeCollectionType_List,SALSA,0-1-CFA,0,0,0,0,0,0,,0
castor,TC_FieldMappingCollectionType_Array,SALSA,1-CFA,0,0,0,0,0,0,,0
castor,TC_FieldMappingCollectionType_List,SENECA,1-CFA,0,0,0,0,0,0,,0
castor,TC_TableAccessModeType_Map,WALA,0-1-CFA,0,0,0,0,0,0,,0
castor,TC_AccessMode_Array,WALA,0-1-CFA,0,0,0,0,0,0,,0
castor,TC_VisibilityType_Array,SENECA,1-CFA,0,0,0,0,0,0,,0
castor,TC_EventListenerList_Set,SALSA,1-CFA,0,0,0,0,0,0,,0
castor,TC_EventListenerList_Map,WALA,0-1-CFA,0,0,0,0,0,0,,0
castor,TC_BindingType_Set,WALA,0-1-CFA,0,0,0,0,0,0,,0
castor,TC_FieldMappingCollectionType_Array,WALA,1-CFA,0,0,0,0,0,0,,0
castor,TC_BindXmlNodeType_List,SENECA,1-CFA,0,0,0,0,0,0,,0
castor,TC_FieldTypeVisibilityType_Set,WALA,1-CFA,0,0,0,0,0,0,,0
castor,TC_TableAccessModeType_Array,WALA,0-1-CFA,0,0,0,0,0,0,,0
castor,TC_ClassMappingAccessType_Set,SENECA,1-CFA,0,0,0,0,0,0,,0
castor,TC_ClassMappingAccessType_Set,SENECA,0-1-CFA,0,0,0,0,0,0,,0
castor,TC_BindingType2_Simple,WALA,1-CFA,0,0,0,0,0,0,,0
castor,TC_FieldTypeCollectionType_Array,WALA,1-CFA,0,0,0,0,0,0,,0
castor,TC_ClassMappingAccessType_Array,WALA,0-1-CFA,0,0,0,0,0,0,,0
castor,TC_TableAccessModeType_Map,SENECA,0-1-CFA,0,0,0,0,0,0,,0
castor,TC_BindXmlAutoNamingType_Array,SALSA,1-CFA,0,0,0,0,0,0,,0
castor,TC_BindXmlAutoNamingType_Simple,WALA,1-CFA,0,0,0,0,0,0,,0
castor,TC_AccessMode_Set,SENECA,0-1-CFA,0,0,0,0,0,0,,0
castor,TC_BindingType2_Array,WALA,0-1-CFA,0,0,0,0,0,0,,0
castor,TC_SqlDirtyType_Simple,SENECA,1-CFA,0,0,0,0,0,0,,0
castor,TC_BindXmlNodeType_Array,SALSA,1-CFA,0,0,0,0,0,0,,0
castor,TC_VisibilityType_Simple,SALSA,1-CFA,0,0,0,0,0,0,,0
castor,TC_VisibilityType_Simple,SENECA,0-1-CFA,0,0,0,0,0,0,,0
castor,TC_FieldMappingCollectionType_Simple,SALSA,0-1-CFA,0,0,0,0,0,0,,0
castor,TC_BindingType2_Simple,SALSA,0-1-CFA,0,0,0,0,0,0,,0
castor,TC_FieldTypeVisibilityType_Set,WALA,0-1-CFA,0,0,0,0,0,0,,0
castor,TC_BindXmlNodeType_Array,SENECA,0-1-CFA,0,0,0,0,0,0,,0
castor,TC_FieldMappingCollectionType_Set,SENECA,1-CFA,0,0,0,0,0,0,,0
castor,TC_FieldTypeVisibilityType_Map,SENECA,0-1-CFA,0,0,0,0,0,0,,0
castor,TC_ClassMappingAccessType_Simple,WALA,1-CFA,0,0,0,0,0,0,,0
castor,TC_FieldTypeCollectionType_Simple,SENECA,1-CFA,0,0,0,0,0,0,,0
castor,TC_ClassMappingAccessType_List,SENECA,1-CFA,0,0,0,0,0,0,,0
castor,TC_EventListenerList_Simple,SALSA,1-CFA,0,0,0,0,0,0,,0
castor,TC_BindXmlNodeType_Map,SALSA,1-CFA,0,0,0,0,0,0,,0
castor,TC_AccessMode_Set,SALSA,0-1-CFA,0,0,0,0,0,0,,0
castor,TC_BindXmlNodeType_Simple,WALA,0-1-CFA,0,0,0,0,0,0,,0
castor,TC_FieldTypeCollectionType_Map,WALA,0-1-CFA,0,0,0,0,0,0,,0
castor,TC_FieldTypeCollectionType_Set,SENECA,0-1-CFA,0,0,0,0,0,0,,0
castor,TC_AccessMode_List,WALA,0-1-CFA,0,0,0,0,0,0,,0
castor,TC_FieldTypeCollectionType_List,SALSA,1-CFA,0,0,0,0,0,0,,0
castor,TC_BindingType2_Simple,SENECA,0-1-CFA,0,0,0,0,0,0,,0
castor,TC_FieldMappingCollectionType_Map,WALA,1-CFA,0,0,0,0,0,0,,0
castor,TC_VisibilityType_Simple,SENECA,1-CFA,0,0,0,0,0,0,,0
castor,TC_BindXmlNodeType_Map,SENECA,1-CFA,0,0,0,0,0,0,,0
castor,TC_ClassMappingAccessType_Set,WALA,1-CFA,0,0,0,0,0,0,,0
castor,TC_VisibilityType_Set,SALSA,0-1-CFA,0,0,0,0,0,0,,0
castor,TC_BindingType_Simple,SALSA,1-CFA,0,0,0,0,0,0,,0
castor,TC_BindXmlNodeType_Array,SENECA,1-CFA,0,0,0,0,0,0,,0
castor,TC_TableAccessModeType_List,SALSA,0-1-CFA,0,0,0,0,0,0,,0
castor,TC_TableAccessModeType_Set,SALSA,1-CFA,0,0,0,0,0,0,,0
castor,TC_BindingType2_List,SALSA,1-CFA,0,0,0,0,0,0,,0
castor,TC_TableAccessModeType_List,WALA,1-CFA,0,0,0,0,0,0,,0
castor,TC_SqlDirtyType_Simple,SALSA,1-CFA,0,0,0,0,0,0,,0
castor,TC_SqlDirtyType_List,SENECA,1-CFA,0,0,0,0,0,0,,0
castor,TC_ClassMappingAccessType_Map,WALA,0-1-CFA,0,0,0,0,0,0,,0
castor,TC_VisibilityType_Map,SALSA,1-CFA,0,0,0,0,0,0,,0
castor,TC_FieldMappingCollectionType_List,SALSA,0-1-CFA,0,0,0,0,0,0,,0
castor,TC_ClassMappingAccessType_Set,SALSA,1-CFA,0,0,0,0,0,0,,0
castor,TC_BindXmlAutoNamingType_Set,SALSA,0-1-CFA,0,0,0,0,0,0,,0
castor,TC_ClassMappingAccessType_Set,SALSA,0-1-CFA,0,0,0,0,0,0,,0
castor,TC_EventListenerList_Array,WALA,1-CFA,0,0,0,0,0,0,,0
castor,TC_BindingType_List,SALSA,0-1-CFA,0,0,0,0,0,0,,0
castor,TC_FieldTypeCollectionType_Map,SALSA,1-CFA,0,0,0,0,0,0,,0
castor,TC_BindXmlAutoNamingType_Map,SALSA,1-CFA,0,0,0,0,0,0,,0
castor,TC_BindingType2_Array,SENECA,1-CFA,0,0,0,0,0,0,,0
castor,TC_BindingType2_Map,SALSA,0-1-CFA,0,0,0,0,0,0,,0
castor,TC_BindingType2_Simple,SALSA,1-CFA,0,0,0,0,0,0,,0
castor,TC_SqlDirtyType_Map,SALSA,0-1-CFA,0,0,0,0,0,0,,0
castor,TC_BindingType2_Array,SENECA,0-1-CFA,0,0,0,0,0,0,,0
castor,TC_SqlDirtyType_Simple,SENECA,0-1-CFA,0,0,0,0,0,0,,0
castor,TC_FieldTypeVisibilityType_Set,SALSA,1-CFA,0,0,0,0,0,0,,0
castor,TC_BindXmlNodeType_Map,SALSA,0-1-CFA,0,0,0,0,0,0,,0
castor,TC_BindXmlAutoNamingType_Array,WALA,1-CFA,0,0,0,0,0,0,,0
castor,TC_TableAccessModeType_List,WALA,0-1-CFA,0,0,0,0,0,0,,0
castor,TC_BindXmlNodeType_Simple,SENECA,0-1-CFA,0,0,0,0,0,0,,0
castor,TC_FieldTypeVisibilityType_Simple,SENECA,1-CFA,0,0,0,0,0,0,,0
castor,TC_TableAccessModeType_Array,SALSA,0-1-CFA,0,0,0,0,0,0,,0
castor,TC_TableAccessModeType_Simple,SENECA,0-1-CFA,0,0,0,0,0,0,,0
castor,TC_TableAccessModeType_Simple,SENECA,1-CFA,0,0,0,0,0,0,,0
castor,TC_TableAccessModeType_Set,SALSA,0-1-CFA,0,0,0,0,0,0,,0
castor,TC_BindingType_List,SALSA,1-CFA,0,0,0,0,0,0,,0
castor,TC_FieldTypeVisibilityType_Set,SALSA,0-1-CFA,0,0,0,0,0,0,,0
castor,TC_BindingType_Map,SENECA,0-1-CFA,0,0,0,0,0,0,,0
castor,TC_EventListenerList_Map,WALA,1-CFA,0,0,0,0,0,0,,0
castor,TC_BindingType2_Map,SALSA,1-CFA,0,0,0,0,0,0,,0
castor,TC_SqlDirtyType_Map,SALSA,1-CFA,0,0,0,0,0,0,,0
castor,TC_FieldTypeCollectionType_List,SENECA,0-1-CFA,0,0,0,0,0,0,,0
castor,TC_AccessMode_Map,WALA,1-CFA,0,0,0,0,0,0,,0
castor,TC_BindingType_Array,SENECA,1-CFA,0,0,0,0,0,0,,0
castor,TC_FieldTypeCollectionType_Map,SALSA,0-1-CFA,0,0,0,0,0,0,,0
castor,TC_BindXmlAutoNamingType_List,WALA,0-1-CFA,0,0,0,0,0,0,,0
castor,TC_BindingType_List,SENECA,1-CFA,0,0,0,0,0,0,,0
castor,TC_BindingType2_Simple,SENECA,1-CFA,0,0,0,0,0,0,,0
castor,TC_SqlDirtyType_Map,SENECA,1-CFA,0,0,0,0,0,0,,0
castor,TC_BindXmlNodeType_Map,SENECA,0-1-CFA,0,0,0,0,0,0,,0
castor,TC_ClassMappingAccessType_Simple,SALSA,1-CFA,0,0,0,0,0,0,,0
castor,TC_AccessMode_Simple,SENECA,1-CFA,0,0,0,0,0,0,,0
castor,TC_TableAccessModeType_List,SENECA,1-CFA,0,0,0,0,0,0,,0
castor,TC_EventListenerList_Map,SALSA,0-1-CFA,0,0,0,0,0,0,,0
castor,TC_SqlDirtyType_Simple,SALSA,0-1-CFA,0,0,0,0,0,0,,0
castor,TC_BindingType2_Map,SENECA,1-CFA,0,0,0,0,0,0,,0
castor,TC_SqlDirtyType_Array,WALA,1-CFA,0,0,0,0,0,0,,0
james,TC_MailImpl_Array,SENECA,0-1-CFA,0,0,0,0,0,0,,0
james,TC_MailImpl_Array,SALSA,0-1-CFA,0,0,0,0,0,0,,0
james,TC_MailImpl_Simple,WALA,0-1-CFA,0,0,0,0,0,0,,0
james,TC_MailImpl_List,SENECA,0-1-CFA,0,0,0,0,0,0,,0
james,TC_MailImpl_Map,WALA,0-1-CFA,0,0,0,0,0,0,,0
james,TC_MailImpl_List,WALA,1-CFA,0,0,0,0,0,0,,0
james,TC_MailImpl_List,WALA,0-1-CFA,0,0,0,0,0,0,,0
james,TC_MailImpl_List,SALSA,0-1-CFA,0,0,0,0,0,0,,0
james,TC_MailImpl_Map,WALA,1-CFA,0,0,0,0,0,0,,0
james,TC_MailImpl_Set,SALSA,1-CFA,0,0,0,0,0,0,,0
james,TC_MailImpl_Set,SALSA,0-1-CFA,0,0,0,0,0,0,,0
james,TC_MailImpl_Array,SALSA,1-CFA,0,0,0,0,0,0,,0
james,TC_MailImpl_Set,SENECA,1-CFA,0,0,0,0,0,0,,0
james,TC_MailImpl_Map,SENECA,0-1-CFA,0,0,0,0,0,0,,0
james,TC_MailImpl_Array,WALA,0-1-CFA,0,0,0,0,0,0,,0
james,TC_MailImpl_Map,SALSA,1-CFA,0,0,0,0,0,0,,0
james,TC_MailImpl_Set,WALA,1-CFA,0,0,0,0,0,0,,0
james,TC_MailImpl_Map,SALSA,0-1-CFA,0,0,0,0,0,0,,0
james,TC_MailImpl_List,SALSA,1-CFA,0,0,0,0,0,0,,0
james,TC_MailImpl_Map,SENECA,1-CFA,0,0,0,0,0,0,,0
james,TC_MailImpl_Simple,SENECA,0-1-CFA,0,0,0,0,0,0,,0
james,TC_MailImpl_Set,SENECA,0-1-CFA,0,0,0,0,0,0,,0
james,TC_MailImpl_Array,SENECA,1-CFA,0,0,0,0,0,0,,0
james,TC_MailImpl_List,SENECA,1-CFA,0,0,0,0,0,0,,0
james,TC_MailImpl_Simple,SALSA,0-1-CFA,0,0,0,0,0,0,,0
james,TC_MailImpl_Array,WALA,1-CFA,0,0,0,0,0,0,,0
james,TC_MailImpl_Set,WALA,0-1-CFA,0,0,0,0,0,0,,0
james,TC_MailImpl_Simple,SENECA,1-CFA,0,0,0,0,0,0,,0
james,TC_MailImpl_Simple,WALA,1-CFA,0,0,0,0,0,0,,0
james,TC_MailImpl_Simple,SALSA,1-CFA,0,0,0,0,0,0,,0
jgraph,TC_JGraph_Map,WALA,0-1-CFA,0,0,0,0,0,0,,0
jgraph,TC_GraphLayoutCache_Map,WALA,1-CFA,0,0,0,0,0,0,,0
jgraph,TC_AttributeMap_SerializableRectangle2D_Set,SALSA,1-CFA,0,0,0,0,0,0,,0
jgraph,TC_DefaultGraphModel_List,SENECA,1-CFA,0,0,0,0,0,0,,0
jgraph,TC_AttributeMap_SerializablePoint2D_Simple,WALA,1-CFA,0,0,0,0,0,0,,0
jgraph,TC_JGraph_Set,SALSA,0-1-CFA,0,0,0,0,0,0,,0
jgraph,TC_AttributeMap_SerializableRectangle2D_Set,SENECA,0-1-CFA,0,0,0,0,0,0,,0
jgraph,TC_DefaultGraphCellEditor_Set,SENECA,0-1-CFA,0,0,0,0,0,0,,0
jgraph,TC_DefaultGraphCellEditor_Set,SENECA,1-CFA,0,0,0,0,0,0,,0
jgraph,TC_AttributeMap_SerializableRectangle2D_Map,WALA,0-1-CFA,0,0,0,0,0,0,,0
jgraph,TC_DefaultGraphCellEditor_List,SENECA,0-1-CFA,0,0,0,0,0,0,,0
jgraph,TC_AttributeMap_SerializablePoint2D_Map,SENECA,1-CFA,0,0,0,0,0,0,,0
jgraph,TC_AttributeMap_SerializableRectangle2D_List,SALSA,1-CFA,0,0,0,0,0,0,,0
jgraph,TC_DefaultGraphCellEditor_Array,SENECA,0-1-CFA,0,0,0,0,0,0,,0
jgraph,TC_DefaultGraphModel_Array,SENECA,1-CFA,0,0,0,0,0,0,,0
jgraph,TC_GraphLayoutCache_Map,WALA,0-1-CFA,0,0,0,0,0,0,,0
jgraph,TC_DefaultGraphCellEditor_Simple,WALA,1-CFA,0,0,0,0,0,0,,0
jgraph,TC_AttributeMap_SerializablePoint2D_List,WALA,0-1-CFA,0,0,0,0,0,0,,0
jgraph,TC_AttributeMap_SerializablePoint2D_Set,WALA,0-1-CFA,0,0,0,0,0,0,,0
jgraph,TC_AttributeMap_SerializablePoint2D_Set,SENECA,0-1-CFA,0,0,0,0,0,0,,0
jgraph,TC_DefaultGraphModel_List,SALSA,1-CFA,0,0,0,0,0,0,,0
jgraph,TC_JGraph_Array,WALA,1-CFA,0,0,0,0,0,0,,0
jgraph,TC_AttributeMap_SerializablePoint2D_Map,WALA,1-CFA,0,0,0,0,0,0,,0
jgraph,TC_DefaultGraphModel_Set,SENECA,0-1-CFA,0,0,0,0,0,0,,0
jgraph,TC_JGraph_List,SALSA,1-CFA,0,0,0,0,0,0,,0
jgraph,TC_GraphLayoutCache_Simple,WALA,1-CFA,0,0,0,0,0,0,,0
jgraph,TC_DefaultGraphModel_Map,WALA,0-1-CFA,0,0,0,0,0,0,,0
jgraph,TC_DefaultGraphModel_Set,SALSA,1-CFA,0,0,0,0,0,0,,0
jgraph,TC_JGraph_Array,SENECA,0-1-CFA,0,0,0,0,0,0,,0
jgraph,TC_AttributeMap_SerializablePoint2D_Array,SENECA,1-CFA,0,0,0,0,0,0,,0
jgraph,TC_GraphLayoutCache_Map,SENECA,1-CFA,0,0,0,0,0,0,,0
jgraph,TC_DefaultGraphCellEditor_Simple,SALSA,1-CFA,0,0,0,0,0,0,,0
jgraph,TC_JGraph_Set,SENECA,0-1-CFA,0,0,0,0,0,0,,0
jgraph,TC_AttributeMap_SerializablePoint2D_Array,WALA,1-CFA,0,0,0,0,0,0,,0
jgraph,TC_DefaultGraphModel_Array,SENECA,0-1-CFA,0,0,0,0,0,0,,0
jgraph,TC_DefaultGraphModel_Set,SENECA,1-CFA,0,0,0,0,0,0,,0
jgraph,TC_DefaultGraphCellEditor_Array,SALSA,1-CFA,0,0,0,0,0,0,,0
jgraph,TC_JGraph_Set,WALA,1-CFA,0,0,0,0,0,0,,0
jgraph,TC_AttributeMap_SerializableRectangle2D_Array,SALSA,1-CFA,0,0,0,0,0,0,,0
jgraph,TC_DefaultGraphModel_Array,WALA,0-1-CFA,0,0,0,0,0,0,,0
jgraph,TC_AttributeMap_SerializablePoint2D_Set,SALSA,1-CFA,0,0,0,0,0,0,,0
jgraph,TC_AttributeMap_SerializablePoint2D_Map,SALSA,0-1-CFA,0,0,0,0,0,0,,0
jgraph,TC_JGraph_Set,SALSA,1-CFA,0,0,0,0,0,0,,0
jgraph,TC_AttributeMap_SerializableRectangle2D_Set,WALA,1-CFA,0,0,0,0,0,0,,0
jgraph,TC_GraphLayoutCache_Simple,SALSA,0-1-CFA,0,0,0,0,0,0,,0
jgraph,TC_AttributeMap_SerializableRectangle2D_Map,SALSA,0-1-CFA,0,0,0,0,0,0,,0
jgraph,TC_DefaultGraphModel_List,WALA,0-1-CFA,0,0,0,0,0,0,,0
jgraph,TC_AttributeMap_SerializableRectangle2D_Array,SALSA,0-1-CFA,0,0,0,0,0,0,,0
jgraph,TC_DefaultGraphCellEditor_List,SENECA,1-CFA,0,0,0,0,0,0,,0
jgraph,TC_DefaultGraphCellEditor_Array,SALSA,0-1-CFA,0,0,0,0,0,0,,0
jgraph,TC_DefaultGraphCellEditor_Set,SALSA,1-CFA,0,0,0,0,0,0,,0
jgraph,TC_DefaultGraphCellEditor_Set,SALSA,0-1-CFA,0,0,0,0,0,0,,0
jgraph,TC_JGraph_Set,SENECA,1-CFA,0,0,0,0,0,0,,0
jgraph,TC_GraphLayoutCache_Set,SALSA,1-CFA,0,0,0,0,0,0,,0
jgraph,TC_AttributeMap_SerializableRectangle2D_Map,SENECA,1-CFA,0,0,0,0,0,0,,0
jgraph,TC_JGraph_List,WALA,0-1-CFA,0,0,0,0,0,0,,0
jgraph,TC_DefaultGraphCellEditor_Set,WALA,1-CFA,0,0,0,0,0,0,,0
jgraph,TC_DefaultGraphModel_Map,WALA,1-CFA,0,0,0,0,0,0,,0
jgraph,TC_AttributeMap_SerializablePoint2D_Simple,SALSA,0-1-CFA,0,0,0,0,0,0,,0
jgraph,TC_DefaultGraphModel_Simple,SALSA,1-CFA,0,0,0,0,0,0,,0
jgraph,TC_DefaultGraphCellEditor_Map,WALA,0-1-CFA,0,0,0,0,0,0,,0
jgraph,TC_AttributeMap_SerializablePoint2D_Array,SENECA,0-1-CFA,0,0,0,0,0,0,,0
jgraph,TC_GraphLayoutCache_Set,SALSA,0-1-CFA,0,0,0,0,0,0,,0
jgraph,TC_DefaultGraphCellEditor_Array,SENECA,1-CFA,0,0,0,0,0,0,,0
jgraph,TC_DefaultGraphModel_Map,SALSA,0-1-CFA,0,0,0,0,0,0,,0
jgraph,TC_DefaultGraphModel_List,SENECA,0-1-CFA,0,0,0,0,0,0,,0
jgraph,TC_AttributeMap_SerializablePoint2D_List,WALA,1-CFA,0,0,0,0,0,0,,0
jgraph,TC_JGraph_Simple,SENECA,0-1-CFA,0,0,0,0,0,0,,0
jgraph,TC_GraphLayoutCache_Simple,SALSA,1-CFA,0,0,0,0,0,0,,0
jgraph,TC_JGraph_Simple,WALA,0-1-CFA,0,0,0,0,0,0,,0
jgraph,TC_GraphLayoutCache_Set,SENECA,0-1-CFA,0,0,0,0,0,0,,0
jgraph,TC_AttributeMap_SerializableRectangle2D_Array,WALA,1-CFA,0,0,0,0,0,0,,0
jgraph,TC_JGraph_Array,WALA,0-1-CFA,0,0,0,0,0,0,,0
jgraph,TC_JGraph_Simple,SALSA,0-1-CFA,0,0,0,0,0,0,,0
jgraph,TC_JGraph_Simple,WALA,1-CFA,0,0,0,0,0,0,,0
jgraph,TC_AttributeMap_SerializableRectangle2D_Simple,WALA,0-1-CFA,0,0,0,0,0,0,,0
jgraph,TC_DefaultGraphModel_Simple,WALA,0-1-CFA,0,0,0,0,0,0,,0
jgraph,TC_AttributeMap_SerializableRectangle2D_Set,SALSA,0-1-CFA,0,0,0,0,0,0,,0
jgraph,TC_AttributeMap_SerializablePoint2D_Simple,SENECA,1-CFA,0,0,0,0,0,0,,0
jgraph,TC_AttributeMap_SerializableRectangle2D_Map,WALA,1-CFA,0,0,0,0,0,0,,0
jgraph,TC_AttributeMap_SerializablePoint2D_List,SALSA,1-CFA,0,0,0,0,0,0,,0
jgraph,TC_AttributeMap_SerializableRectangle2D_Simple,SALSA,1-CFA,0,0,0,0,0,0,,0
jgraph,TC_JGraph_Map,SALSA,1-CFA,0,0,0,0,0,0,,0
jgraph,TC_DefaultGraphModel_Simple,SENECA,1-CFA,0,0,0,0,0,0,,0
jgraph,TC_AttributeMap_SerializableRectangle2D_Set,SENECA,1-CFA,0,0,0,0,0,0,,0
jgraph,TC_GraphLayoutCache_Map,SALSA,1-CFA,0,0,0,0,0,0,,0
jgraph,TC_DefaultGraphCellEditor_Map,SALSA,1-CFA,0,0,0,0,0,0,,0
jgraph,TC_DefaultGraphCellEditor_Map,SALSA,0-1-CFA,0,0,0,0,0,0,,0
jgraph,TC_JGraph_Map,SENECA,1-CFA,0,0,0,0,0,0,,0
jgraph,TC_AttributeMap_SerializableRectangle2D_List,WALA,1-CFA,0,0,0,0,0,0,,0
jgraph,TC_AttributeMap_SerializableRectangle2D_List,SALSA,0-1-CFA,0,0,0,0,0,0,,0
jgraph,TC_DefaultGraphModel_List,SALSA,0-1-CFA,0,0,0,0,0,0,,0
jgraph,TC_DefaultGraphModel_Array,SALSA,1-CFA,0,0,0,0,0,0,,0
jgraph,TC_AttributeMap_SerializablePoint2D_List,SENECA,0-1-CFA,0,0,0,0,0,0,,0
jgraph,TC_JGraph_List,SENECA,1-CFA,0,0,0,0,0,0,,0
jgraph,TC_AttributeMap_SerializableRectangle2D_Array,SENECA,0-1-CFA,0,0,0,0,0,0,,0
jgraph,TC_DefaultGraphCellEditor_List,WALA,1-CFA,0,0,0,0,0,0,,0
jgraph,TC_GraphLayoutCache_Map,SALSA,0-1-CFA,0,0,0,0,0,0,,0
jgraph,TC_DefaultGraphModel_Set,SALSA,0-1-CFA,0,0,0,0,0,0,,0
jgraph,TC_DefaultGraphModel_List,WALA,1-CFA,0,0,0,0,0,0,,0
jgraph,TC_DefaultGraphCellEditor_Set,WALA,0-1-CFA,0,0,0,0,0,0,,0
jgraph,TC_DefaultGraphCellEditor_Map,WALA,1-CFA,0,0,0,0,0,0,,0
jgraph,TC_DefaultGraphModel_Set,WALA,1-CFA,0,0,0,0,0,0,,0
jgraph,TC_AttributeMap_SerializableRectangle2D_Simple,SENECA,0-1-CFA,0,0,0,0,0,0,,0
jgraph,TC_DefaultGraphModel_Array,SALSA,0-1-CFA,0,0,0,0,0,0,,0
jgraph,TC_DefaultGraphModel_Simple,SALSA,0-1-CFA,0,0,0,0,0,0,,0
jgraph,TC_DefaultGraphModel_Simple,WALA,1-CFA,0,0,0,0,0,0,,0
jgraph,TC_AttributeMap_SerializablePoint2D_Array,WALA,0-1-CFA,0,0,0,0,0,0,,0
jgraph,TC_GraphLayoutCache_Map,SENECA,0-1-CFA,0,0,0,0,0,0,,0
jgraph,TC_JGraph_List,WALA,1-CFA,0,0,0,0,0,0,,0
jgraph,TC_AttributeMap_SerializableRectangle2D_List,SENECA,1-CFA,0,0,0,0,0,0,,0
jgraph,TC_AttributeMap_SerializableRectangle2D_Array,SENECA,1-CFA,0,0,0,0,0,0,,0
jgraph,TC_AttributeMap_SerializableRectangle2D_Simple,WALA,1-CFA,0,0,0,0,0,0,,0
jgraph,TC_AttributeMap_SerializableRectangle2D_Set,WALA,0-1-CFA,0,0,0,0,0,0,,0
jgraph,TC_DefaultGraphCellEditor_Array,WALA,1-CFA,0,0,0,0,0,0,,0
jgraph,TC_DefaultGraphCellEditor_Map,SENECA,0-1-CFA,0,0,0,0,0,0,,0
jgraph,TC_DefaultGraphCellEditor_Map,SENECA,1-CFA,0,0,0,0,0,0,,0
jgraph,TC_GraphLayoutCache_Simple,SENECA,0-1-CFA,0,0,0,0,0,0,,0
jgraph,TC_AttributeMap_SerializablePoint2D_Array,SALSA,1-CFA,0,0,0,0,0,0,,0
jgraph,TC_AttributeMap_SerializablePoint2D_List,SALSA,0-1-CFA,0,0,0,0,0,0,,0
jgraph,TC_JGraph_Map,SALSA,0-1-CFA,0,0,0,0,0,0,,0
jgraph,TC_AttributeMap_SerializableRectangle2D_Map,SENECA,0-1-CFA,0,0,0,0,0,0,,0
jgraph,TC_JGraph_Array,SALSA,0-1-CFA,0,0,0,0,0,0,,0
jgraph,TC_AttributeMap_SerializableRectangle2D_Simple,SALSA,0-1-CFA,0,0,0,0,0,0,,0
jgraph,TC_DefaultGraphCellEditor_Simple,SALSA,0-1-CFA,0,0,0,0,0,0,,0
jgraph,TC_AttributeMap_SerializableRectangle2D_Map,SALSA,1-CFA,0,0,0,0,0,0,,0
jgraph,TC_DefaultGraphCellEditor_Array,WALA,0-1-CFA,0,0,0,0,0,0,,0
jgraph,TC_AttributeMap_SerializableRectangle2D_Simple,SENECA,1-CFA,0,0,0,0,0,0,,0
jgraph,TC_AttributeMap_SerializablePoint2D_Simple,SENECA,0-1-CFA,0,0,0,0,0,0,,0
jgraph,TC_GraphLayoutCache_Simple,WALA,0-1-CFA,0,0,0,0,0,0,,0
jgraph,TC_JGraph_Set,WALA,0-1-CFA,0,0,0,0,0,0,,0
jgraph,TC_JGraph_List,SALSA,0-1-CFA,0,0,0,0,0,0,,0
jgraph,TC_GraphLayoutCache_Set,WALA,1-CFA,0,0,0,0,0,0,,0
jgraph,TC_JGraph_List,SENECA,0-1-CFA,0,0,0,0,0,0,,0
jgraph,TC_DefaultGraphModel_Array,WALA,1-CFA,0,0,0,0,0,0,,0
jgraph,TC_AttributeMap_SerializablePoint2D_Map,SENECA,0-1-CFA,0,0,0,0,0,0,,0
jgraph,TC_DefaultGraphCellEditor_Simple,SENECA,1-CFA,0,0,0,0,0,0,,0
jgraph,TC_AttributeMap_SerializablePoint2D_Map,WALA,0-1-CFA,0,0,0,0,0,0,,0
jgraph,TC_AttributeMap_SerializableRectangle2D_List,WALA,0-1-CFA,0,0,0,0,0,0,,0
jgraph,TC_GraphLayoutCache_Set,WALA,0-1-CFA,0,0,0,0,0,0,,0
jgraph,TC_AttributeMap_SerializablePoint2D_Simple,SALSA,1-CFA,0,0,0,0,0,0,,0
jgraph,TC_JGraph_Array,SALSA,1-CFA,0,0,0,0,0,0,,0
jgraph,TC_AttributeMap_SerializablePoint2D_Set,SENECA,1-CFA,0,0,0,0,0,0,,0
jgraph,TC_AttributeMap_SerializableRectangle2D_List,SENECA,0-1-CFA,0,0,0,0,0,0,,0
jgraph,TC_DefaultGraphCellEditor_List,WALA,0-1-CFA,0,0,0,0,0,0,,0
jgraph,TC_JGraph_Map,SENECA,0-1-CFA,0,0,0,0,0,0,,0
jgraph,TC_DefaultGraphCellEditor_Simple,WALA,0-1-CFA,0,0,0,0,0,0,,0
jgraph,TC_GraphLayoutCache_Set,SENECA,1-CFA,0,0,0,0,0,0,,0
jgraph,TC_DefaultGraphCellEditor_List,SALSA,0-1-CFA,0,0,0,0,0,0,,0
jgraph,TC_DefaultGraphModel_Set,WALA,0-1-CFA,0,0,0,0,0,0,,0
jgraph,TC_DefaultGraphModel_Simple,SENECA,0-1-CFA,0,0,0,0,0,0,,0
jgraph,TC_DefaultGraphModel_Map,SALSA,1-CFA,0,0,0,0,0,0,,0
jgraph,TC_JGraph_Simple,SALSA,1-CFA,0,0,0,0,0,0,,0
jgraph,TC_AttributeMap_SerializablePoint2D_Simple,WALA,0-1-CFA,0,0,0,0,0,0,,0
jgraph,TC_GraphLayoutCache_Simple,SENECA,1-CFA,0,0,0,0,0,0,,0
jgraph,TC_AttributeMap_SerializablePoint2D_Set,WALA,1-CFA,0,0,0,0,0,0,,0
jgraph,TC_DefaultGraphModel_Map,SENECA,0-1-CFA,0,0,0,0,0,0,,0
jgraph,TC_AttributeMap_SerializablePoint2D_Set,SALSA,0-1-CFA,0,0,0,0,0,0,,0
jgraph,TC_AttributeMap_SerializablePoint2D_Map,SALSA,1-CFA,0,0,0,0,0,0,,0
jgraph,TC_DefaultGraphCellEditor_List,SALSA,1-CFA,0,0,0,0,0,0,,0
jgraph,TC_JGraph_Simple,SENECA,1-CFA,0,0,0,0,0,0,,0
jgraph,TC_DefaultGraphCellEditor_Simple,SENECA,0-1-CFA,0,0,0,0,0,0,,0
jgraph,TC_AttributeMap_SerializablePoint2D_Array,SALSA,0-1-CFA,0,0,0,0,0,0,,0
jgraph,TC_AttributeMap_SerializablePoint2D_List,SENECA,1-CFA,0,0,0,0,0,0,,0
jgraph,TC_JGraph_Map,WALA,1-CFA,0,0,0,0,0,0,,0
jgraph,TC_AttributeMap_SerializableRectangle2D_Array,WALA,0-1-CFA,0,0,0,0,0,0,,0
jgraph,TC_DefaultGraphModel_Map,SENECA,1-CFA,0,0,0,0,0,0,,0
jgraph,TC_JGraph_Array,SENECA,1-CFA,0,0,0,0,0,0,,0
jpf,TC_Version_Map,SENECA,0-1-CFA,0,0,0,0,0,0,,0
jpf,TC_Version_Map,SALSA,0-1-CFA,0,0,0,0,0,0,,0
jpf,TC_Version_Simple,SALSA,0-1-CFA,0,0,0,0,0,0,,0
jpf,TC_Version_Simple,SENECA,0-1-CFA,0,0,0,0,0,0,,0
jpf,TC_Version_List,WALA,0-1-CFA,0,0,0,0,0,0,,0
jpf,TC_Version_Set,SALSA,1-CFA,0,0,0,0,0,0,,0
jpf,TC_Version_Set,WALA,0-1-CFA,0,0,0,0,0,0,,0
jpf,TC_Version_List,WALA,1-CFA,0,0,0,0,0,0,,0
jpf,TC_Version_Simple,WALA,0-1-CFA,0,0,0,0,0,0,,0
jpf,TC_Version_Array,SENECA,0-1-CFA,0,0,0,0,0,0,,0
jpf,TC_Version_Map,SENECA,1-CFA,0,0,0,0,0,0,,0
jpf,TC_Version_Array,WALA,0-1-CFA,0,0,0,0,0,0,,0
jpf,TC_Version_Array,SALSA,0-1-CFA,0,0,0,0,0,0,,0
jpf,TC_Version_Array,WALA,1-CFA,0,0,0,0,0,0,,0
jpf,TC_Version_Simple,SALSA,1-CFA,0,0,0,0,0,0,,0
jpf,TC_Version_Map,WALA,1-CFA,0,0,0,0,0,0,,0
jpf,TC_Version_List,SENECA,0-1-CFA,0,0,0,0,0,0,,0
jpf,TC_Version_Set,SENECA,1-CFA,0,0,0,0,0,0,,0
jpf,TC_Version_List,SALSA,1-CFA,0,0,0,0,0,0,,0
jpf,TC_Version_Simple,SENECA,1-CFA,0,0,0,0,0,0,,0
jpf,TC_Version_Map,WALA,0-1-CFA,0,0,0,0,0,0,,0
jpf,TC_Version_List,SALSA,0-1-CFA,0,0,0,0,0,0,,0
jpf,TC_Version_Set,WALA,1-CFA,0,0,0,0,0,0,,0
jpf,TC_Version_List,SENECA,1-CFA,0,0,0,0,0,0,,0
jpf,TC_Version_Array,SALSA,1-CFA,0,0,0,0,0,0,,0
jpf,TC_Version_Set,SENECA,0-1-CFA,0,0,0,0,0,0,,0
jpf,TC_Version_Set,SALSA,0-1-CFA,0,0,0,0,0,0,,0
jpf,TC_Version_Array,SENECA,1-CFA,0,0,0,0,0,0,,0
jpf,TC_Version_Simple,WALA,1-CFA,0,0,0,0,0,0,,0
jpf,TC_Version_Map,SALSA,1-CFA,0,0,0,0,0,0,,0
log4j,TC_LoggingEvent_List,WALA,0-1-CFA,0,0,0,0,0,0,,0
log4j,TC_Level_Set,SENECA,0-1-CFA,0,0,0,0,0,0,,0
log4j,TC_LoggingEvent_Map,WALA,1-CFA,0,0,0,0,0,0,,0
log4j,TC_LoggingEvent_Set,WALA,0-1-CFA,0,0,0,0,0,0,,0
log4j,TC_LogEvent_Set,SALSA,0-1-CFA,0,0,0,0,0,0,,0
log4j,TC_LoggingEvent_Map,SENECA,0-1-CFA,0,0,0,0,0,0,,0
log4j,TC_LogEvent_Map,WALA,1-CFA,0,0,0,0,0,0,,0
log4j,TC_LogEvent_Array,WALA,1-CFA,0,0,0,0,0,0,,0
log4j,TC_LogEvent_Set,SALSA,1-CFA,0,0,0,0,0,0,,0
log4j,TC_Level_List,WALA,0-1-CFA,0,0,0,0,0,0,,0
log4j,TC_Level_Set,WALA,0-1-CFA,0,0,0,0,0,0,,0
log4j,TC_Level_Map,SENECA,1-CFA,0,0,0,0,0,0,,0
log4j,TC_LogEvent_Map,SENECA,0-1-CFA,0,0,0,0,0,0,,0
log4j,TC_Level_Array,SALSA,1-CFA,0,0,0,0,0,0,,0
log4j,TC_LoggingEvent_Simple,WALA,1-CFA,0,0,0,0,0,0,,0
log4j,TC_LoggingEvent_Array,WALA,1-CFA,0,0,0,0,0,0,,0
log4j,TC_LogEvent_Simple,SENECA,0-1-CFA,0,0,0,0,0,0,,0
log4j,TC_LogEvent_Set,SENECA,1-CFA,0,0,0,0,0,0,,0
log4j,TC_LogEvent_Simple,SALSA,0-1-CFA,0,0,0,0,0,0,,0
log4j,TC_LoggingEvent_Simple,SENECA,0-1-CFA,0,0,0,0,0,0,,0
log4j,TC_LoggingEvent_List,SENECA,0-1-CFA,0,0,0,0,0,0,,0
log4j,TC_LogEvent_Array,SENECA,1-CFA,0,0,0,0,0,0,,0
log4j,TC_Level_Simple,SALSA,1-CFA,0,0,0,0,0,0,,0
log4j,TC_Level_Set,WALA,1-CFA,0,0,0,0,0,0,,0
log4j,TC_Level_Map,SALSA,1-CFA,0,0,0,0,0,0,,0
log4j,TC_LoggingEvent_Simple,SALSA,0-1-CFA,0,0,0,0,0,0,,0
log4j,TC_LoggingEvent_Array,SALSA,0-1-CFA,0,0,0,0,0,0,,0
log4j,TC_Level_Simple,SALSA,0-1-CFA,0,0,0,0,0,0,,0
log4j,TC_LoggingEvent_List,SALSA,0-1-CFA,0,0,0,0,0,0,,0
log4j,TC_LoggingEvent_List,WALA,1-CFA,0,0,0,0,0,0,,0
log4j,TC_Level_Array,WALA,0-1-CFA,0,0,0,0,0,0,,0
log4j,TC_LogEvent_Simple,WALA,1-CFA,0,0,0,0,0,0,,0
log4j,TC_LoggingEvent_Map,SENECA,1-CFA,0,0,0,0,0,0,,0
log4j,TC_LogEvent_List,SALSA,1-CFA,0,0,0,0,0,0,,0
log4j,TC_LogEvent_Simple,SALSA,1-CFA,0,0,0,0,0,0,,0
log4j,TC_LoggingEvent_Simple,SENECA,1-CFA,0,0,0,0,0,0,,0
log4j,TC_Level_Simple,SENECA,1-CFA,0,0,0,0,0,0,,0
log4j,TC_LoggingEvent_Map,SALSA,1-CFA,0,0,0,0,0,0,,0
log4j,TC_LoggingEvent_Simple,SALSA,1-CFA,0,0,0,0,0,0,,0
log4j,TC_Level_Map,SALSA,0-1-CFA,0,0,0,0,0,0,,0
log4j,TC_LogEvent_Map,WALA,0-1-CFA,0,0,0,0,0,0,,0
log4j,TC_LogEvent_List,SENECA,1-CFA,0,0,0,0,0,0,,0
log4j,TC_LogEvent_Simple,SENECA,1-CFA,0,0,0,0,0,0,,0
log4j,TC_LoggingEvent_Map,SALSA,0-1-CFA,0,0,0,0,0,0,,0
log4j,TC_LogEvent_Array,WALA,0-1-CFA,0,0,0,0,0,0,,0
log4j,TC_Level_Set,SALSA,1-CFA,0,0,0,0,0,0,,0
log4j,TC_Level_Map,WALA,1-CFA,0,0,0,0,0,0,,0
log4j,TC_Level_List,SENECA,1-CFA,0,0,0,0,0,0,,0
log4j,TC_Level_Simple,WALA,1-CFA,0,0,0,0,0,0,,0
log4j,TC_Level_List,SALSA,1-CFA,0,0,0,0,0,0,,0
log4j,TC_Level_Array,SENECA,1-CFA,0,0,0,0,0,0,,0
log4j,TC_LoggingEvent_Array,SALSA,1-CFA,0,0,0,0,0,0,,0
log4j,TC_LoggingEvent_Set,SALSA,1-CFA,0,0,0,0,0,0,,0
log4j,TC_LogEvent_Array,SALSA,1-CFA,0,0,0,0,0,0,,0
log4j,TC_LoggingEvent_Set,SENECA,1-CFA,0,0,0,0,0,0,,0
log4j,TC_LoggingEvent_List,SALSA,1-CFA,0,0,0,0,0,0,,0
log4j,TC_LoggingEvent_Set,SALSA,0-1-CFA,0,0,0,0,0,0,,0
log4j,TC_LogEvent_Set,WALA,0-1-CFA,0,0,0,0,0,0,,0
log4j,TC_LogEvent_Simple,WALA,0-1-CFA,0,0,0,0,0,0,,0
log4j,TC_Level_Simple,SENECA,0-1-CFA,0,0,0,0,0,0,,0
log4j,TC_Level_Set,SALSA,0-1-CFA,0,0,0,0,0,0,,0
log4j,TC_Level_Array,WALA,1-CFA,0,0,0,0,0,0,,0
log4j,TC_LoggingEvent_Set,SENECA,0-1-CFA,0,0,0,0,0,0,,0
log4j,TC_LogEvent_Map,SALSA,0-1-CFA,0,0,0,0,0,0,,0
log4j,TC_LoggingEvent_Set,WALA,1-CFA,0,0,0,0,0,0,,0
log4j,TC_LoggingEvent_Map,WALA,0-1-CFA,0,0,0,0,0,0,,0
log4j,TC_Level_Map,SENECA,0-1-CFA,0,0,0,0,0,0,,0
log4j,TC_Level_Array,SALSA,0-1-CFA,0,0,0,0,0,0,,0
log4j,TC_LoggingEvent_Array,WALA,0-1-CFA,0,0,0,0,0,0,,0
log4j,TC_LoggingEvent_List,SENECA,1-CFA,0,0,0,0,0,0,,0
log4j,TC_Level_Array,SENECA,0-1-CFA,0,0,0,0,0,0,,0
log4j,TC_LogEvent_Map,SALSA,1-CFA,0,0,0,0,0,0,,0
log4j,TC_LoggingEvent_Simple,WALA,0-1-CFA,0,0,0,0,0,0,,0
log4j,TC_Level_List,SALSA,0-1-CFA,0,0,0,0,0,0,,0
log4j,TC_LogEvent_Set,WALA,1-CFA,0,0,0,0,0,0,,0
log4j,TC_Level_List,WALA,1-CFA,0,0,0,0,0,0,,0
log4j,TC_LogEvent_List,SENECA,0-1-CFA,0,0,0,0,0,0,,0
log4j,TC_LogEvent_Array,SENECA,0-1-CFA,0,0,0,0,0,0,,0
log4j,TC_LoggingEvent_Array,SENECA,0-1-CFA,0,0,0,0,0,0,,0
log4j,TC_Level_Simple,WALA,0-1-CFA,0,0,0,0,0,0,,0
log4j,TC_LogEvent_Array,SALSA,0-1-CFA,0,0,0,0,0,0,,0
log4j,TC_LogEvent_Set,SENECA,0-1-CFA,0,0,0,0,0,0,,0
log4j,TC_Level_Map,WALA,0-1-CFA,0,0,0,0,0,0,,0
log4j,TC_Level_Set,SENECA,1-CFA,0,0,0,0,0,0,,0
log4j,TC_LoggingEvent_Array,SENECA,1-CFA,0,0,0,0,0,0,,0
log4j,TC_LogEvent_Map,SENECA,1-CFA,0,0,0,0,0,0,,0
log4j,TC_LogEvent_List,WALA,1-CFA,0,0,0,0,0,0,,0
log4j,TC_LogEvent_List,SALSA,0-1-CFA,0,0,0,0,0,0,,0
log4j,TC_Level_List,SENECA,0-1-CFA,0,0,0,0,0,0,,0
log4j,TC_LogEvent_List,WALA,0-1-CFA,0,0,0,0,0,0,,0
openjms,TC_UnicastDelegate_Map,SALSA,0-1-CFA,0,0,0,0,0,0,,0
openjms,TC_UnicastDelegate_Map,SENECA,0-1-CFA,0,0,0,0,0,0,,0
openjms,TC_UnicastDelegate_Map,SALSA,1-CFA,0,0,0,0,0,0,,0
openjms,TC_UnicastDelegate_Simple,SENECA,1-CFA,0,0,0,0,0,0,,0
openjms,TC_UnicastDelegate_Simple,SALSA,1-CFA,0,0,0,0,0,0,,0
openjms,TC_UnicastDelegate_Map,SENECA,1-CFA,0,0,0,0,0,0,,0
openjms,TC_UnicastDelegate_Simple,SENECA,0-1-CFA,0,0,0,0,0,0,,0
openjms,TC_UnicastDelegate_Set,WALA,0-1-CFA,0,0,0,0,0,0,,0
openjms,TC_UnicastDelegate_List,SALSA,1-CFA,0,0,0,0,0,0,,0
openjms,TC_UnicastDelegate_Simple,WALA,0-1-CFA,0,0,0,0,0,0,,0
openjms,TC_UnicastDelegate_List,SALSA,0-1-CFA,0,0,0,0,0,0,,0
openjms,TC_UnicastDelegate_Array,SENECA,1-CFA,0,0,0,0,0,0,,0
openjms,TC_UnicastDelegate_Array,SALSA,1-CFA,0,0,0,0,0,0,,0
openjms,TC_UnicastDelegate_Array,SENECA,0-1-CFA,0,0,0,0,0,0,,0
openjms,TC_UnicastDelegate_List,SENECA,0-1-CFA,0,0,0,0,0,0,,0
openjms,TC_UnicastDelegate_Map,WALA,1-CFA,0,0,0,0,0,0,,0
openjms,TC_UnicastDelegate_Map,WALA,0-1-CFA,0,0,0,0,0,0,,0
openjms,TC_UnicastDelegate_Simple,WALA,1-CFA,0,0,0,0,0,0,,0
openjms,TC_UnicastDelegate_Simple,SALSA,0-1-CFA,0,0,0,0,0,0,,0
openjms,TC_UnicastDelegate_Set,WALA,1-CFA,0,0,0,0,0,0,,0
openjms,TC_UnicastDelegate_Array,WALA,0-1-CFA,0,0,0,0,0,0,,0
openjms,TC_UnicastDelegate_List,WALA,1-CFA,0,0,0,0,0,0,,0
openjms,TC_UnicastDelegate_Set,SALSA,0-1-CFA,0,0,0,0,0,0,,0
openjms,TC_UnicastDelegate_Set,SENECA,0-1-CFA,0,0,0,0,0,0,,0
openjms,TC_UnicastDelegate_List,WALA,0-1-CFA,0,0,0,0,0,0,,0
openjms,TC_UnicastDelegate_List,SENECA,1-CFA,0,0,0,0,0,0,,0
openjms,TC_UnicastDelegate_Set,SALSA,1-CFA,0,0,0,0,0,0,,0
openjms,TC_UnicastDelegate_Set,SENECA,1-CFA,0,0,0,0,0,0,,0
openjms,TC_UnicastDelegate_Array,SALSA,0-1-CFA,0,0,0,0,0,0,,0
openjms,TC_UnicastDelegate_Array,WALA,1-CFA,0,0,0,0,0,0,,0
pooka,TC_EventListenerList_Array,SENECA,0-1-CFA,0,0,0,0,0,0,,0
pooka,TC_InputStreamSource_Set,SENECA,1-CFA,0,0,0,0,0,0,,0
pooka,TC_TreeItem_List,WALA,0-1-CFA,0,0,0,0,0,0,,0
pooka,TC_TreeItem_List,SALSA,0-1-CFA,0,0,0,0,0,0,,0
pooka,TC_LexerPage_Simple,WALA,1-CFA,0,0,0,0,0,0,,0
pooka,TC_EventListenerList_Array,WALA,0-1-CFA,0,0,0,0,0,0,,0
pooka,TC_TreeItem_List,WALA,1-CFA,0,0,0,0,0,0,,0
pooka,TC_RecipientType2_Array,SALSA,0-1-CFA,0,0,0,0,0,0,,0
pooka,TC_TreeItem_Set,SALSA,0-1-CFA,0,0,0,0,0,0,,0
pooka,TC_LexerPage_Simple,SENECA,0-1-CFA,0,0,0,0,0,0,,0
pooka,TC_RecipientType_Map,SENECA,1-CFA,0,0,0,0,0,0,,0
pooka,TC_RecipientType_Set,WALA,0-1-CFA,0,0,0,0,0,0,,0
pooka,TC_RecipientType_List,WALA,0-1-CFA,0,0,0,0,0,0,,0
pooka,TC_InputStreamSource_Set,SENECA,0-1-CFA,0,0,0,0,0,0,,0
pooka,TC_TreeItem_Map,WALA,1-CFA,0,0,0,0,0,0,,0
pooka,TC_InputStreamSource_Set,SALSA,1-CFA,0,0,0,0,0,0,,0
pooka,TC_RecipientType2_Array,SENECA,0-1-CFA,0,0,0,0,0,0,,0
pooka,TC_InputStreamSource_Map,WALA,0-1-CFA,0,0,0,0,0,0,,0
pooka,TC_InputStreamSource_Simple,SENECA,0-1-CFA,0,0,0,0,0,0,,0
pooka,TC_RecipientType2_Map,WALA,0-1-CFA,0,0,0,0,0,0,,0
pooka,TC_EventListenerList_Simple,WALA,1-CFA,0,0,0,0,0,0,,0
pooka,TC_EventListenerList_Simple,SALSA,0-1-CFA,0,0,0,0,0,0,,0
pooka,TC_TreeItem_Set,SALSA,1-CFA,0,0,0,0,0,0,,0
pooka,TC_TreeItem_Simple,SALSA,0-1-CFA,0,0,0,0,0,0,,0
pooka,TC_TreeItem_List,SENECA,0-1-CFA,0,0,0,0,0,0,,0
pooka,TC_TreeItem_Simple,SENECA,1-CFA,0,0,0,0,0,0,,0
pooka,TC_TreeItem_Array,SALSA,0-1-CFA,0,0,0,0,0,0,,0
pooka,TC_TreeItem_Map,SENECA,0-1-CFA,0,0,0,0,0,0,,0
pooka,TC_LexerPage_Set,SALSA,0-1-CFA,0,0,0,0,0,0,,0
pooka,TC_LexerPage_Set,WALA,0-1-CFA,0,0,0,0,0,0,,0
pooka,TC_LexerPage_List,SENECA,1-CFA,0,0,0,0,0,0,,0
pooka,TC_EventListenerList_Array,SENECA,1-CFA,0,0,0,0,0,0,,0
pooka,TC_EventListenerList_List,SALSA,1-CFA,0,0,0,0,0,0,,0
pooka,TC_RecipientType_Array,WALA,0-1-CFA,0,0,0,0,0,0,,0
pooka,TC_TreeItem_Array,SENECA,0-1-CFA,0,0,0,0,0,0,,0
pooka,TC_LexerPage_Set,WALA,1-CFA,0,0,0,0,0,0,,0
pooka,TC_EventListenerList_Simple,WALA,0-1-CFA,0,0,0,0,0,0,,0
pooka,TC_RecipientType_List,SENECA,1-CFA,0,0,0,0,0,0,,0
pooka,TC_EventListenerList_Set,SALSA,0-1-CFA,0,0,0,0,0,0,,0
pooka,TC_EventListenerList_List,SENECA,1-CFA,0,0,0,0,0,0,,0
pooka,TC_RecipientType2_Map,SENECA,1-CFA,0,0,0,0,0,0,,0
pooka,TC_TreeItem_Simple,SALSA,1-CFA,0,0,0,0,0,0,,0
pooka,TC_LexerPage_Set,SENECA,0-1-CFA,0,0,0,0,0,0,,0
pooka,TC_RecipientType_List,SENECA,0-1-CFA,0,0,0,0,0,0,,0
pooka,TC_TreeItem_Set,SENECA,1-CFA,0,0,0,0,0,0,,0
pooka,TC_RecipientType2_Array,SALSA,1-CFA,0,0,0,0,0,0,,0
pooka,TC_EventListenerList_Set,WALA,1-CFA,0,0,0,0,0,0,,0
pooka,TC_EventListenerList_Simple,SENECA,1-CFA,0,0,0,0,0,0,,0
pooka,TC_RecipientType2_Set,WALA,1-CFA,0,0,0,0,0,0,,0
pooka,TC_TreeItem_Simple,WALA,1-CFA,0,0,0,0,0,0,,0
pooka,TC_RecipientType2_Map,SENECA,0-1-CFA,0,0,0,0,0,0,,0
pooka,TC_RecipientType_List,SALSA,1-CFA,0,0,0,0,0,0,,0
pooka,TC_RecipientType2_Map,SALSA,1-CFA,0,0,0,0,0,0,,0
pooka,TC_EventListenerList_Simple,SENECA,0-1-CFA,0,0,0,0,0,0,,0
pooka,TC_RecipientType_Simple,SALSA,0-1-CFA,0,0,0,0,0,0,,0
pooka,TC_TreeItem_Array,WALA,0-1-CFA,0,0,0,0,0,0,,0
pooka,TC_InputStreamSource_Simple,SALSA,0-1-CFA,0,0,0,0,0,0,,0
pooka,TC_RecipientType_Set,WALA,1-CFA,0,0,0,0,0,0,,0
pooka,TC_InputStreamSource_Simple,WALA,1-CFA,0,0,0,0,0,0,,0
pooka,TC_RecipientType_Set,SALSA,0-1-CFA,0,0,0,0,0,0,,0
pooka,TC_RecipientType2_Set,SALSA,0-1-CFA,0,0,0,0,0,0,,0
pooka,TC_InputStreamSource_List,WALA,1-CFA,0,0,0,0,0,0,,0
pooka,TC_InputStreamSource_Map,WALA,1-CFA,0,0,0,0,0,0,,0
pooka,TC_RecipientType_Simple,SENECA,0-1-CFA,0,0,0,0,0,0,,0
pooka,TC_InputStreamSource_Array,WALA,0-1-CFA,0,0,0,0,0,0,,0
pooka,TC_RecipientType_Set,SENECA,0-1-CFA,0,0,0,0,0,0,,0
pooka,TC_EventListenerList_List,SENECA,0-1-CFA,0,0,0,0,0,0,,0
pooka,TC_LexerPage_Array,WALA,0-1-CFA,0,0,0,0,0,0,,0
pooka,TC_InputStreamSource_Array,SENECA,0-1-CFA,0,0,0,0,0,0,,0
pooka,TC_InputStreamSource_Map,SALSA,0-1-CFA,0,0,0,0,0,0,,0
pooka,TC_TreeItem_Simple,SENECA,0-1-CFA,0,0,0,0,0,0,,0
pooka,TC_TreeItem_Array,SALSA,1-CFA,0,0,0,0,0,0,,0
pooka,TC_LexerPage_Simple,SENECA,1-CFA,0,0,0,0,0,0,,0
pooka,TC_RecipientType2_Simple,SALSA,1-CFA,0,0,0,0,0,0,,0
pooka,TC_InputStreamSource_Simple,SENECA,1-CFA,0,0,0,0,0,0,,0
pooka,TC_RecipientType2_Simple,SENECA,0-1-CFA,0,0,0,0,0,0,,0
pooka,TC_LexerPage_Simple,SALSA,1-CFA,0,0,0,0,0,0,,0
pooka,TC_LexerPage_Map,SENECA,1-CFA,0,0,0,0,0,0,,0
pooka,TC_EventListenerList_Map,SENECA,1-CFA,0,0,0,0,0,0,,0
pooka,TC_RecipientType_Map,SALSA,1-CFA,0,0,0,0,0,0,,0
pooka,TC_InputStreamSource_List,SALSA,0-1-CFA,0,0,0,0,0,0,,0
pooka,TC_LexerPage_Map,SALSA,1-CFA,0,0,0,0,0,0,,0
pooka,TC_InputStreamSource_Array,SENECA,1-CFA,0,0,0,0,0,0,,0
pooka,TC_RecipientType2_List,WALA,0-1-CFA,0,0,0,0,0,0,,0
pooka,TC_EventListenerList_Map,SALSA,1-CFA,0,0,0,0,0,0,,0
pooka,TC_EventListenerList_Set,WALA,0-1-CFA,0,0,0,0,0,0,,0
pooka,TC_LexerPage_List,WALA,1-CFA,0,0,0,0,0,0,,0
pooka,TC_RecipientType2_Simple,SENECA,1-CFA,0,0,0,0,0,0,,0
pooka,TC_LexerPage_Simple,SALSA,0-1-CFA,0,0,0,0,0,0,,0
pooka,TC_InputStreamSource_Simple,WALA,0-1-CFA,0,0,0,0,0,0,,0
pooka,TC_TreeItem_Map,WALA,0-1-CFA,0,0,0,0,0,0,,0
pooka,TC_EventListenerList_List,WALA,0-1-CFA,0,0,0,0,0,0,,0
pooka,TC_RecipientType_Simple,SALSA,1-CFA,0,0,0,0,0,0,,0
pooka,TC_EventListenerList_Map,SENECA,0-1-CFA,0,0,0,0,0,0,,0
pooka,TC_EventListenerList_Array,SALSA,0-1-CFA,0,0,0,0,0,0,,0
pooka,TC_RecipientType_Array,SALSA,1-CFA,0,0,0,0,0,0,,0
pooka,TC_RecipientType2_Map,SALSA,0-1-CFA,0,0,0,0,0,0,,0
pooka,TC_TreeItem_Array,SENECA,1-CFA,0,0,0,0,0,0,,0
pooka,TC_RecipientType2_List,WALA,1-CFA,0,0,0,0,0,0,,0
pooka,TC_RecipientType_Map,WALA,1-CFA,0,0,0,0,0,0,,0
pooka,TC_InputStreamSource_List,SENECA,0-1-CFA,0,0,0,0,0,0,,0
pooka,TC_TreeItem_List,SENECA,1-CFA,0,0,0,0,0,0,,0
pooka,TC_LexerPage_List,SALSA,0-1-CFA,0,0,0,0,0,0,,0
pooka,TC_RecipientType_Map,SALSA,0-1-CFA,0,0,0,0,0,0,,0
pooka,TC_RecipientType_List,SALSA,0-1-CFA,0,0,0,0,0,0,,0
pooka,TC_RecipientType2_Array,SENECA,1-CFA,0,0,0,0,0,0,,0
pooka,TC_RecipientType2_Set,SALSA,1-CFA,0,0,0,0,0,0,,0
pooka,TC_LexerPage_Array,SALSA,1-CFA,0,0,0,0,0,0,,0
pooka,TC_LexerPage_Array,WALA,1-CFA,0,0,0,0,0,0,,0
pooka,TC_LexerPage_List,SENECA,0-1-CFA,0,0,0,0,0,0,,0
pooka,TC_EventListenerList_List,WALA,1-CFA,0,0,0,0,0,0,,0
pooka,TC_InputStreamSource_Set,SALSA,0-1-CFA,0,0,0,0,0,0,,0
pooka,TC_LexerPage_Array,SENECA,1-CFA,0,0,0,0,0,0,,0
pooka,TC_RecipientType_Map,SENECA,0-1-CFA,0,0,0,0,0,0,,0
pooka,TC_InputStreamSource_Simple,SALSA,1-CFA,0,0,0,0,0,0,,0
pooka,TC_TreeItem_List,SALSA,1-CFA,0,0,0,0,0,0,,0
pooka,TC_InputStreamSource_Set,WALA,1-CFA,0,0,0,0,0,0,,0
pooka,TC_RecipientType_Array,SENECA,1-CFA,0,0,0,0,0,0,,0
pooka,TC_EventListenerList_Set,SENECA,1-CFA,0,0,0,0,0,0,,0
pooka,TC_RecipientType_Array,SALSA,0-1-CFA,0,0,0,0,0,0,,0
pooka,TC_InputStreamSource_List,WALA,0-1-CFA,0,0,0,0,0,0,,0
pooka,TC_LexerPage_Set,SENECA,1-CFA,0,0,0,0,0,0,,0
pooka,TC_RecipientType2_Simple,WALA,0-1-CFA,0,0,0,0,0,0,,0
pooka,TC_EventListenerList_Array,SALSA,1-CFA,0,0,0,0,0,0,,0
pooka,TC_EventListenerList_List,SALSA,0-1-CFA,0,0,0,0,0,0,,0
pooka,TC_LexerPage_Array,SALSA,0-1-CFA,0,0,0,0,0,0,,0
pooka,TC_RecipientType2_Array,WALA,1-CFA,0,0,0,0,0,0,,0
pooka,TC_EventListenerList_Set,SENECA,0-1-CFA,0,0,0,0,0,0,,0
pooka,TC_TreeItem_Set,WALA,0-1-CFA,0,0,0,0,0,0,,0
pooka,TC_RecipientType2_Array,WALA,0-1-CFA,0,0,0,0,0,0,,0
pooka,TC_EventListenerList_Set,SALSA,1-CFA,0,0,0,0,0,0,,0
pooka,TC_EventListenerList_Map,WALA,0-1-CFA,0,0,0,0,0,0,,0
pooka,TC_RecipientType_Array,SENECA,0-1-CFA,0,0,0,0,0,0,,0
pooka,TC_LexerPage_Set,SALSA,1-CFA,0,0,0,0,0,0,,0
pooka,TC_InputStreamSource_Array,WALA,1-CFA,0,0,0,0,0,0,,0
pooka,TC_RecipientType_Set,SALSA,1-CFA,0,0,0,0,0,0,,0
pooka,TC_RecipientType_Set,SENECA,1-CFA,0,0,0,0,0,0,,0
pooka,TC_TreeItem_Map,SALSA,0-1-CFA,0,0,0,0,0,0,,0
pooka,TC_RecipientType2_List,SENECA,1-CFA,0,0,0,0,0,0,,0
pooka,TC_RecipientType_Simple,SENECA,1-CFA,0,0,0,0,0,0,,0
pooka,TC_LexerPage_List,SALSA,1-CFA,0,0,0,0,0,0,,0
pooka,TC_EventListenerList_Simple,SALSA,1-CFA,0,0,0,0,0,0,,0
pooka,TC_LexerPage_Simple,WALA,0-1-CFA,0,0,0,0,0,0,,0
pooka,TC_InputStreamSource_Map,SENECA,1-CFA,0,0,0,0,0,0,,0
pooka,TC_LexerPage_Array,SENECA,0-1-CFA,0,0,0,0,0,0,,0
pooka,TC_TreeItem_Map,SALSA,1-CFA,0,0,0,0,0,0,,0
pooka,TC_RecipientType_Array,WALA,1-CFA,0,0,0,0,0,0,,0
pooka,TC_RecipientType2_Set,WALA,0-1-CFA,0,0,0,0,0,0,,0
pooka,TC_TreeItem_Set,WALA,1-CFA,0,0,0,0,0,0,,0
pooka,TC_InputStreamSource_Map,SALSA,1-CFA,0,0,0,0,0,0,,0
pooka,TC_InputStreamSource_Set,WALA,0-1-CFA,0,0,0,0,0,0,,0
pooka,TC_InputStreamSource_Map,SENECA,0-1-CFA,0,0,0,0,0,0,,0
pooka,TC_TreeItem_Array,WALA,1-CFA,0,0,0,0,0,0,,0
pooka,TC_InputStreamSource_Array,SALSA,0-1-CFA,0,0,0,0,0,0,,0
pooka,TC_RecipientType2_List,SALSA,1-CFA,0,0,0,0,0,0,,0
pooka,TC_RecipientType_Map,WALA,0-1-CFA,0,0,0,0,0,0,,0
pooka,TC_EventListenerList_Array,WALA,1-CFA,0,0,0,0,0,0,,0
pooka,TC_RecipientType2_Simple,WALA,1-CFA,0,0,0,0,0,0,,0
pooka,TC_LexerPage_Map,WALA,1-CFA,0,0,0,0,0,0,,0
pooka,TC_TreeItem_Simple,WALA,0-1-CFA,0,0,0,0,0,0,,0
pooka,TC_RecipientType2_List,SENECA,0-1-CFA,0,0,0,0,0,0,,0
pooka,TC_LexerPage_Map,WALA,0-1-CFA,0,0,0,0,0,0,,0
pooka,TC_RecipientType_Simple,WALA,1-CFA,0,0,0,0,0,0,,0
pooka,TC_TreeItem_Set,SENECA,0-1-CFA,0,0,0,0,0,0,,0
pooka,TC_LexerPage_Map,SALSA,0-1-CFA,0,0,0,0,0,0,,0
pooka,TC_LexerPage_List,WALA,0-1-CFA,0,0,0,0,0,0,,0
pooka,TC_InputStreamSource_List,SENECA,1-CFA,0,0,0,0,0,0,,0
pooka,TC_RecipientType2_Simple,SALSA,0-1-CFA,0,0,0,0,0,0,,0
pooka,TC_RecipientType2_Map,WALA,1-CFA,0,0,0,0,0,0,,0
pooka,TC_RecipientType2_Set,SENECA,0-1-CFA,0,0,0,0,0,0,,0
pooka,TC_RecipientType_Simple,WALA,0-1-CFA,0,0,0,0,0,0,,0
pooka,TC_EventListenerList_Map,WALA,1-CFA,0,0,0,0,0,0,,0
pooka,TC_LexerPage_Map,SENECA,0-1-CFA,0,0,0,0,0,0,,0
pooka,TC_TreeItem_Map,SENECA,1-CFA,0,0,0,0,0,0,,0
pooka,TC_RecipientType_List,WALA,1-CFA,0,0,0,0,0,0,,0
pooka,TC_InputStreamSource_List,SALSA,1-CFA,0,0,0,0,0,0,,0
pooka,TC_InputStreamSource_Array,SALSA,1-CFA,0,0,0,0,0,0,,0
pooka,TC_RecipientType2_Set,SENECA,1-CFA,0,0,0,0,0,0,,0
pooka,TC_RecipientType2_List,SALSA,0-1-CFA,0,0,0,0,0,0,,0
pooka,TC_EventListenerList_Map,SALSA,0-1-CFA,0,0,0,0,0,0,,0
xalan,TC_Stylesheet_Simple,SALSA,0-1-CFA,0,0,0,0,0,0,,0
xalan,TC_ElemForEach_Array,WALA,0-1-CFA,0,0,0,0,0,0,,0
xalan,TC_Stylesheet_Simple,WALA,1-CFA,0,0,0,0,0,0,,0
xalan,TC_UnionPathIterator_Set,WALA,1-CFA,0,0,0,0,0,0,,0
xalan,TC_UnionPathIterator_List,SALSA,1-CFA,0,0,0,0,0,0,,0
xalan,TC_TemplatesImpl_Simple,SALSA,0-1-CFA,0,0,0,0,0,0,,0
xalan,TC_UnionPathIterator_Set,SALSA,0-1-CFA,0,0,0,0,0,0,,0
xalan,TC_TemplatesImpl_Array,WALA,1-CFA,0,0,0,0,0,0,,0
xalan,TC_XSLTProcessorApplet_List,WALA,0-1-CFA,0,0,0,0,0,0,,0
xalan,TC_ElemForEach_Simple,SENECA,0-1-CFA,0,0,0,0,0,0,,0
xalan,TC_TemplatesImpl_Simple,SENECA,0-1-CFA,0,0,0,0,0,0,,0
xalan,TC_XSLTProcessorApplet_Map,SENECA,1-CFA,0,0,0,0,0,0,,0
xalan,TC_TemplatesImpl_Map,SALSA,1-CFA,0,0,0,0,0,0,,0
xalan,TC_UnionPathIterator_Simple,SALSA,0-1-CFA,0,0,0,0,0,0,,0
xalan,TC_Stylesheet_Set,SALSA,0-1-CFA,0,0,0,0,0,0,,0
xalan,TC_UnionPathIterator_Array,WALA,0-1-CFA,0,0,0,0,0,0,,0
xalan,TC_XSLTProcessorApplet_Simple,SENECA,1-CFA,0,0,0,0,0,0,,0
xalan,TC_XSLTProcessorApplet_Simple,SENECA,0-1-CFA,0,0,0,0,0,0,,0
xalan,TC_XSLTProcessorApplet_Set,WALA,1-CFA,0,0,0,0,0,0,,0
xalan,TC_UnionPathIterator_Simple,WALA,1-CFA,0,0,0,0,0,0,,0
xalan,TC_ElemForEach_Simple,SENECA,1-CFA,0,0,0,0,0,0,,0
xalan,TC_Stylesheet_List,WALA,0-1-CFA,0,0,0,0,0,0,,0
xalan,TC_XSLTProcessorApplet_List,SENECA,1-CFA,0,0,0,0,0,0,,0
xalan,TC_ElemForEach_Map,SALSA,0-1-CFA,0,0,0,0,0,0,,0
xalan,TC_UnionPathIterator_List,SENECA,1-CFA,0,0,0,0,0,0,,0
xalan,TC_Stylesheet_Simple,SENECA,0-1-CFA,0,0,0,0,0,0,,0
xalan,TC_Stylesheet_Set,SENECA,0-1-CFA,0,0,0,0,0,0,,0
xalan,TC_UnionPathIterator_Array,SENECA,0-1-CFA,0,0,0,0,0,0,,0
xalan,TC_UnionPathIterator_Simple,WALA,0-1-CFA,0,0,0,0,0,0,,0
xalan,TC_Stylesheet_Array,WALA,0-1-CFA,0,0,0,0,0,0,,0
xalan,TC_ElemForEach_Map,SENECA,1-CFA,0,0,0,0,0,0,,0
xalan,TC_XSLTProcessorApplet_Array,SALSA,1-CFA,0,0,0,0,0,0,,0
xalan,TC_ElemForEach_Set,WALA,0-1-CFA,0,0,0,0,0,0,,0
xalan,TC_Stylesheet_Map,WALA,1-CFA,0,0,0,0,0,0,,0
xalan,TC_TemplatesImpl_Set,WALA,1-CFA,0,0,0,0,0,0,,0
xalan,TC_TemplatesImpl_Set,SALSA,0-1-CFA,0,0,0,0,0,0,,0
xalan,TC_UnionPathIterator_Simple,SENECA,1-CFA,0,0,0,0,0,0,,0
xalan,TC_XSLTProcessorApplet_Map,WALA,0-1-CFA,0,0,0,0,0,0,,0
xalan,TC_TemplatesImpl_Set,SENECA,0-1-CFA,0,0,0,0,0,0,,0
xalan,TC_UnionPathIterator_Array,SENECA,1-CFA,0,0,0,0,0,0,,0
xalan,TC_XSLTProcessorApplet_List,WALA,1-CFA,0,0,0,0,0,0,,0
xalan,TC_ElemForEach_Simple,WALA,0-1-CFA,0,0,0,0,0,0,,0
xalan,TC_XSLTProcessorApplet_Map,SENECA,0-1-CFA,0,0,0,0,0,0,,0
xalan,TC_ElemForEach_Map,SALSA,1-CFA,0,0,0,0,0,0,,0
xalan,TC_XSLTProcessorApplet_List,SALSA,0-1-CFA,0,0,0,0,0,0,,0
xalan,TC_ElemForEach_Map,WALA,1-CFA,0,0,0,0,0,0,,0
xalan,TC_TemplatesImpl_List,SALSA,1-CFA,0,0,0,0,0,0,,0
xalan,TC_TemplatesImpl_Simple,SALSA,1-CFA,0,0,0,0,0,0,,0
xalan,TC_UnionPathIterator_Set,WALA,0-1-CFA,0,0,0,0,0,0,,0
xalan,TC_UnionPathIterator_Map,SALSA,1-CFA,0,0,0,0,0,0,,0
xalan,TC_TemplatesImpl_List,SENECA,0-1-CFA,0,0,0,0,0,0,,0
xalan,TC_ElemForEach_Array,SENECA,0-1-CFA,0,0,0,0,0,0,,0
xalan,TC_UnionPathIterator_Map,SENECA,0-1-CFA,0,0,0,0,0,0,,0
xalan,TC_UnionPathIterator_Simple,SENECA,0-1-CFA,0,0,0,0,0,0,,0
xalan,TC_TemplatesImpl_Array,SENECA,1-CFA,0,0,0,0,0,0,,0
xalan,TC_XSLTProcessorApplet_Simple,SALSA,1-CFA,0,0,0,0,0,0,,0
xalan,TC_XSLTProcessorApplet_Simple,SALSA,0-1-CFA,0,0,0,0,0,0,,0
xalan,TC_XSLTProcessorApplet_Array,SENECA,0-1-CFA,0,0,0,0,0,0,,0
xalan,TC_TemplatesImpl_List,SENECA,1-CFA,0,0,0,0,0,0,,0
xalan,TC_UnionPathIterator_List,WALA,0-1-CFA,0,0,0,0,0,0,,0
xalan,TC_TemplatesImpl_Array,SALSA,1-CFA,0,0,0,0,0,0,,0
xalan,TC_UnionPathIterator_Map,SENECA,1-CFA,0,0,0,0,0,0,,0
xalan,TC_Stylesheet_Set,SALSA,1-CFA,0,0,0,0,0,0,,0
xalan,TC_ElemForEach_Array,SALSA,0-1-CFA,0,0,0,0,0,0,,0
xalan,TC_Stylesheet_Simple,WALA,0-1-CFA,0,0,0,0,0,0,,0
xalan,TC_ElemForEach_Array,WALA,1-CFA,0,0,0,0,0,0,,0
xalan,TC_XSLTProcessorApplet_Set,SALSA,1-CFA,0,0,0,0,0,0,,0
xalan,TC_ElemForEach_Map,SENECA,0-1-CFA,0,0,0,0,0,0,,0
xalan,TC_TemplatesImpl_Array,SENECA,0-1-CFA,0,0,0,0,0,0,,0
xalan,TC_XSLTProcessorApplet_List,SENECA,0-1-CFA,0,0,0,0,0,0,,0
xalan,TC_ElemForEach_Simple,SALSA,1-CFA,0,0,0,0,0,0,,0
xalan,TC_TemplatesImpl_List,WALA,0-1-CFA,0,0,0,0,0,0,,0
xalan,TC_TemplatesImpl_Map,SENECA,1-CFA,0,0,0,0,0,0,,0
xalan,TC_TemplatesImpl_Set,WALA,0-1-CFA,0,0,0,0,0,0,,0
xalan,TC_UnionPathIterator_List,SENECA,0-1-CFA,0,0,0,0,0,0,,0
xalan,TC_XSLTProcessorApplet_Set,SALSA,0-1-CFA,0,0,0,0,0,0,,0
xalan,TC_TemplatesImpl_Array,SALSA,0-1-CFA,0,0,0,0,0,0,,0
xalan,TC_ElemForEach_List,WALA,0-1-CFA,0,0,0,0,0,0,,0
xalan,TC_Stylesheet_Map,SENECA,1-CFA,0,0,0,0,0,0,,0
xalan,TC_Stylesheet_Set,WALA,0-1-CFA,0,0,0,0,0,0,,0
xalan,TC_XSLTProcessorApplet_Simple,WALA,1-CFA,0,0,0,0,0,0,,0
xalan,TC_UnionPathIterator_List,SALSA,0-1-CFA,0,0,0,0,0,0,,0
xalan,TC_TemplatesImpl_Simple,SENECA,1-CFA,0,0,0,0,0,0,,0
xalan,TC_Stylesheet_Array,SALSA,1-CFA,0,0,0,0,0,0,,0
xalan,TC_Stylesheet_Simple,SENECA,1-CFA,0,0,0,0,0,0,,0
xalan,TC_UnionPathIterator_Set,SENECA,0-1-CFA,0,0,0,0,0,0,,0
xalan,TC_TemplatesImpl_List,WALA,1-CFA,0,0,0,0,0,0,,0
xalan,TC_UnionPathIterator_Map,WALA,0-1-CFA,0,0,0,0,0,0,,0
xalan,TC_UnionPathIterator_Set,SALSA,1-CFA,0,0,0,0,0,0,,0
xalan,TC_Stylesheet_Array,SENECA,1-CFA,0,0,0,0,0,0,,0
xalan,TC_XSLTProcessorApplet_Map,SALSA,1-CFA,0,0,0,0,0,0,,0
xalan,TC_Stylesheet_Array,SALSA,0-1-CFA,0,0,0,0,0,0,,0
xalan,TC_Stylesheet_List,SENECA,0-1-CFA,0,0,0,0,0,0,,0
xalan,TC_UnionPathIterator_Set,SENECA,1-CFA,0,0,0,0,0,0,,0
xalan,TC_Stylesheet_Map,SALSA,1-CFA,0,0,0,0,0,0,,0
xalan,TC_UnionPathIterator_Array,SALSA,0-1-CFA,0,0,0,0,0,0,,0
xalan,TC_TemplatesImpl_Set,SENECA,1-CFA,0,0,0,0,0,0,,0
xalan,TC_XSLTProcessorApplet_Array,SENECA,1-CFA,0,0,0,0,0,0,,0
xalan,TC_TemplatesImpl_Simple,WALA,1-CFA,0,0,0,0,0,0,,0
xalan,TC_ElemForEach_Simple,SALSA,0-1-CFA,0,0,0,0,0,0,,0
xalan,TC_ElemForEach_Array,SALSA,1-CFA,0,0,0,0,0,0,,0
xalan,TC_ElemForEach_Set,SENECA,0-1-CFA,0,0,0,0,0,0,,0
xalan,TC_XSLTProcessorApplet_Array,WALA,1-CFA,0,0,0,0,0,0,,0
xalan,TC_TemplatesImpl_Simple,WALA,0-1-CFA,0,0,0,0,0,0,,0
xalan,TC_Stylesheet_Map,WALA,0-1-CFA,0,0,0,0,0,0,,0
xalan,TC_UnionPathIterator_Array,SALSA,1-CFA,0,0,0,0,0,0,,0
xalan,TC_ElemForEach_List,WALA,1-CFA,0,0,0,0,0,0,,0
xalan,TC_Stylesheet_Set,SENECA,1-CFA,0,0,0,0,0,0,,0
xalan,TC_XSLTProcessorApplet_Map,SALSA,0-1-CFA,0,0,0,0,0,0,,0
xalan,TC_XSLTProcessorApplet_Simple,WALA,0-1-CFA,0,0,0,0,0,0,,0
xalan,TC_XSLTProcessorApplet_Array,WALA,0-1-CFA,0,0,0,0,0,0,,0
xalan,TC_UnionPathIterator_List,WALA,1-CFA,0,0,0,0,0,0,,0
xalan,TC_ElemForEach_List,SENECA,0-1-CFA,0,0,0,0,0,0,,0
xalan,TC_TemplatesImpl_Map,WALA,0-1-CFA,0,0,0,0,0,0,,0
xalan,TC_UnionPathIterator_Map,SALSA,0-1-CFA,0,0,0,0,0,0,,0
xalan,TC_UnionPathIterator_Simple,SALSA,1-CFA,0,0,0,0,0,0,,0
xalan,TC_UnionPathIterator_Map,WALA,1-CFA,0,0,0,0,0,0,,0
xalan,TC_Stylesheet_List,WALA,1-CFA,0,0,0,0,0,0,,0
xalan,TC_Stylesheet_List,SALSA,1-CFA,0,0,0,0,0,0,,0
xalan,TC_ElemForEach_List,SALSA,0-1-CFA,0,0,0,0,0,0,,0
xalan,TC_ElemForEach_Set,SALSA,0-1-CFA,0,0,0,0,0,0,,0
xalan,TC_Stylesheet_Map,SENECA,0-1-CFA,0,0,0,0,0,0,,0
xalan,TC_ElemForEach_Array,SENECA,1-CFA,0,0,0,0,0,0,,0
xalan,TC_Stylesheet_List,SENECA,1-CFA,0,0,0,0,0,0,,0
xalan,TC_ElemForEach_List,SENECA,1-CFA,0,0,0,0,0,0,,0
xalan,TC_XSLTProcessorApplet_Map,WALA,1-CFA,0,0,0,0,0,0,,0
xalan,TC_Stylesheet_Map,SALSA,0-1-CFA,0,0,0,0,0,0,,0
xalan,TC_TemplatesImpl_Set,SALSA,1-CFA,0,0,0,0,0,0,,0
xalan,TC_ElemForEach_List,SALSA,1-CFA,0,0,0,0,0,0,,0
xalan,TC_ElemForEach_Simple,WALA,1-CFA,0,0,0,0,0,0,,0
xalan,TC_XSLTProcessorApplet_Set,SENECA,1-CFA,0,0,0,0,0,0,,0
xalan,TC_TemplatesImpl_Map,WALA,1-CFA,0,0,0,0,0,0,,0
xalan,TC_Stylesheet_Array,SENECA,0-1-CFA,0,0,0,0,0,0,,0
xalan,TC_TemplatesImpl_Map,SALSA,0-1-CFA,0,0,0,0,0,0,,0
xalan,TC_XSLTProcessorApplet_List,SALSA,1-CFA,0,0,0,0,0,0,,0
xalan,TC_XSLTProcessorApplet_Array,SALSA,0-1-CFA,0,0,0,0,0,0,,0
xalan,TC_Stylesheet_List,SALSA,0-1-CFA,0,0,0,0,0,0,,0
xalan,TC_Stylesheet_Set,WALA,1-CFA,0,0,0,0,0,0,,0
xalan,TC_ElemForEach_Map,WALA,0-1-CFA,0,0,0,0,0,0,,0
xalan,TC_Stylesheet_Array,WALA,1-CFA,0,0,0,0,0,0,,0
xalan,TC_ElemForEach_Set,SENECA,1-CFA,0,0,0,0,0,0,,0
xalan,TC_ElemForEach_Set,WALA,1-CFA,0,0,0,0,0,0,,0
xalan,TC_ElemForEach_Set,SALSA,1-CFA,0,0,0,0,0,0,,0
xalan,TC_Stylesheet_Simple,SALSA,1-CFA,0,0,0,0,0,0,,0
xalan,TC_XSLTProcessorApplet_Set,SENECA,0-1-CFA,0,0,0,0,0,0,,0
xalan,TC_TemplatesImpl_List,SALSA,0-1-CFA,0,0,0,0,0,0,,0
xalan,TC_TemplatesImpl_Map,SENECA,0-1-CFA,0,0,0,0,0,0,,0
xalan,TC_TemplatesImpl_Array,WALA,0-1-CFA,0,0,0,0,0,0,,0
xalan,TC_XSLTProcessorApplet_Set,WALA,0-1-CFA,0,0,0,0,0,0,,0
xalan,TC_UnionPathIterator_Array,WALA,1-CFA,0,0,0,0,0,0,,0
xerces,TC_CoreDocumentImpl_List,SENECA,0-1-CFA,0,0,0,0,0,0,,0
xerces,TC_CoreDocumentImpl_Map,WALA,1-CFA,0,0,0,0,0,0,,0
xerces,TC_CoreDocumentImpl_List,SALSA,1-CFA,0,0,0,0,0,0,,0
xerces,TC_CoreDocumentImpl_Map,WALA,0-1-CFA,0,0,0,0,0,0,,0
xerces,TC_CoreDocumentImpl_Simple,WALA,1-CFA,0,0,0,0,0,0,,0
xerces,TC_CoreDocumentImpl_List,SENECA,1-CFA,0,0,0,0,0,0,,0
xerces,TC_CoreDocumentImpl_Map,SENECA,1-CFA,0,0,0,0,0,0,,0
xerces,TC_CoreDocumentImpl_Array,SALSA,0-1-CFA,0,0,0,0,0,0,,0
xerces,TC_CoreDocumentImpl_Set,SALSA,1-CFA,0,0,0,0,0,0,,0
xerces,TC_CoreDocumentImpl_Simple,SALSA,1-CFA,0,0,0,0,0,0,,0
xerces,TC_CoreDocumentImpl_Set,SALSA,0-1-CFA,0,0,0,0,0,0,,0
xerces,TC_CoreDocumentImpl_Simple,SALSA,0-1-CFA,0,0,0,0,0,0,,0
xerces,TC_CoreDocumentImpl_Array,WALA,1-CFA,0,0,0,0,0,0,,0
xerces,TC_CoreDocumentImpl_Set,SENECA,0-1-CFA,0,0,0,0,0,0,,0
xerces,TC_CoreDocumentImpl_List,WALA,1-CFA,0,0,0,0,0,0,,0
xerces,TC_CoreDocumentImpl_List,SALSA,0-1-CFA,0,0,0,0,0,0,,0
xerces,TC_CoreDocumentImpl_Array,WALA,0-1-CFA,0,0,0,0,0,0,,0
xerces,TC_CoreDocumentImpl_Map,SALSA,1-CFA,0,0,0,0,0,0,,0
xerces,TC_CoreDocumentImpl_Map,SALSA,0-1-CFA,0,0,0,0,0,0,,0
xerces,TC_CoreDocumentImpl_Map,SENECA,0-1-CFA,0,0,0,0,0,0,,0
xerces,TC_CoreDocumentImpl_Array,SENECA,0-1-CFA,0,0,0,0,0,0,,0
xerces,TC_CoreDocumentImpl_List,WALA,0-1-CFA,0,0,0,0,0,0,,0
xerces,TC_CoreDocumentImpl_Array,SALSA,1-CFA,0,0,0,0,0,0,,0
xerces,TC_CoreDocumentImpl_Set,WALA,1-CFA,0,0,0,0,0,0,,0
xerces,TC_CoreDocumentImpl_Array,SENECA,1-CFA,0,0,0,0,0,0,,0
xerces,TC_CoreDocumentImpl_Simple,SENECA,1-CFA,0,0,0,0,0,0,,0
xerces,TC_CoreDocumentImpl_Set,WALA,0-1-CFA,0,0,0,0,0,0,,0
xerces,TC_CoreDocumentImpl_Set,SENECA,1-CFA,0,0,0,0,0,0,,0
xerces,TC_CoreDocumentImpl_Simple,SENECA,0-1-CFA,0,0,0,0,0,0,,0
xerces,TC_CoreDocumentImpl_Simple,WALA,0-1-CFA,0,0,0,0,0,0,,0
