MemberOf,MethodName,ParametersList,Return Type,ClassType
Ljavax/servlet/http/HttpServlet,doPost,Ljavax/servlet/http/HttpServletRequest;Ljavax/servlet/http/HttpServletResponse;,V,CLASS
Ljavax/servlet/http/HttpServlet,doGet,Ljavax/servlet/http/HttpServletRequest;Ljavax/servlet/http/HttpServletResponse;,V,CLASS
Ljavax/servlet/Filter,doFilter,Ljavax/servlet/ServletRequest;Ljavax/servlet/ServletResponse;Ljavax/servlet/FilterChain;,V,INTERFACE
Ljavax/servlet/http/HttpServlet,doDelete,Ljavax/servlet/http/HttpServletRequest;Ljavax/servlet/http/HttpServletResponse;,V,CLASS
Ljavax/servlet/http/HttpServlet,doHead,Ljavax/servlet/http/HttpServletRequest;Ljavax/servlet/http/HttpServletResponse;,V,CLASS
Ljavax/servlet/http/HttpServlet,doOptions,Ljavax/servlet/http/HttpServletRequest;Ljavax/servlet/http/HttpServletResponse;,V,CLASS
Ljavax/servlet/http/HttpServlet,doPut,Ljavax/servlet/http/HttpServletRequest;Ljavax/servlet/http/HttpServletResponse;,V,CLASS
Ljavax/servlet/http/HttpServlet,doTrace,Ljavax/servlet/http/HttpServletRequest;Ljavax/servlet/http/HttpServletResponse;,V,CLASS
Ljavax/servlet/http/HttpServlet,getLastModifier,Ljavax/servlet/http/HttpServletRequest;,L,CLASS
Ljavax/servlet/http/HttpServlet,service,Ljavax/servlet/http/HttpServletRequest;Ljavax/servlet/http/HttpServletResponse;,V,CLASS
,main,[Ljava/lang/String;,V,CLASS